fecha_corte,banco,metodo,n_ops,monto_usd,tc_promedio,tc_mediana,tc_publicado,usd_bajo_tco,usd_en_tco,usd_sobre_tco,tco_sin_banco
2026-06-26,BANCO BISA,promedio,85,3957090.0,9.72,9.81,9.72,714687.0,0,3242403.0,9.74
2026-06-26,BANCO DE CREDITO,promedio,15,21481.0,9.46,9.5,9.46,21481.0,0,0,9.74
2026-06-26,BANCO DE LA NACION ARGENTINA,promedio,1,7425.0,9.7,9.7,9.7,7425.0,0,0,9.73
2026-06-26,BANCO ECONOMICO,promedio,11,5194132.0,9.77,9.8,9.77,10107.0,2000000.0,3184025.0,9.72
2026-06-26,BANCO FORTALEZA,promedio,1,400000.0,9.82,9.82,9.82,0,0,400000.0,9.73
2026-06-26,BANCO GANADERO,promedio,147,3046253.0,9.78,9.82,9.78,293450.0,752803.0,2000000.0,9.73
2026-06-26,BANCO MERCANTIL SANTA CRUZ,promedio,22,3150669.0,9.64,9.8,9.64,596020.0,0,2554649.0,9.76
2026-06-26,BANCO NACIONAL DE BOLIVIA,promedio,2,1440469.0,9.75,9.75,9.75,469.0,0,1440000.0,9.73
2026-06-26,BANCO SOLIDARIO,promedio,4,105300.0,9.63,9.74,9.63,5300.0,0,100000.0,9.74
2026-06-26,BANCO UNION,promedio,2,650.0,9.05,9.05,9.05,650.0,0,0,9.73
2026-06-29,BANCO BISA,promedio,5,2707410.0,9.73,9.73,9.73,2707410.0,0,0,9.76
2026-06-29,BANCO DE CREDITO,promedio,15,99697.0,9.67,9.63,9.67,88037.0,0,11660.0,9.76
2026-06-29,BANCO DE LA NACION ARGENTINA,promedio,23,8870.0,9.63,9.63,9.63,8870.0,0,0,9.76
2026-06-29,BANCO ECONOMICO,promedio,51,418104.0,9.79,9.8,9.79,86920.0,0,331184.0,9.75
2026-06-29,BANCO FIE,promedio,21,105419.0,9.73,9.73,9.73,105419.0,0,0,9.76
2026-06-29,BANCO FORTALEZA,promedio,9,123435.0,9.73,9.73,9.73,123435.0,0,0,9.76
2026-06-29,BANCO GANADERO,promedio,826,1721370.0,9.7,9.73,9.7,1719988.0,0,1382.0,9.76
2026-06-29,BANCO MERCANTIL SANTA CRUZ,promedio,239,9831975.0,9.8,9.81,9.8,494170.0,0,9337805.0,9.7
2026-06-29,BANCO NACIONAL DE BOLIVIA,promedio,297,1421596.0,9.59,9.79,9.59,421596.0,0,1000000.0,9.77
2026-06-29,BANCO PRODEM,promedio,21,10687.0,9.63,9.63,9.63,10687.0,0,0,9.76
2026-06-29,BANCO PYME DE LA COMUNIDAD,promedio,8,7544.0,9.73,9.73,9.73,7544.0,0,0,9.76
2026-06-29,BANCO PYME ECOFUTURO,promedio,1,730.0,9.73,9.73,9.73,730.0,0,0,9.76
2026-06-29,BANCO SOLIDARIO,promedio,27,246272.0,9.73,9.75,9.73,246272.0,0,0,9.76
2026-06-29,BANCO UNION,promedio,116,676658.0,9.73,9.73,9.73,676658.0,0,0,9.76
2026-06-30,BANCO BISA,promedio,59,1521342.0,9.79,9.83,9.79,517203.0,0,1004139.0,9.75
2026-06-30,BANCO DE CREDITO,promedio,20,2024915.0,9.78,9.78,9.78,37197.0,10000.0,1977718.0,9.75
2026-06-30,BANCO DE LA NACION ARGENTINA,promedio,26,6332.0,9.66,9.66,9.66,6332.0,0,0,9.76
2026-06-30,BANCO ECONOMICO,promedio,34,114942.0,9.72,9.72,9.72,114916.0,0,26.0,9.76
2026-06-30,BANCO FIE,promedio,12,11564.0,9.66,9.66,9.66,11564.0,0,0,9.76
2026-06-30,BANCO FORTALEZA,promedio,3,169833.0,9.71,9.71,9.71,169832.0,1.0,0,9.76
2026-06-30,BANCO GANADERO,promedio,636,2793562.0,9.73,9.73,9.73,2379309.0,14269.0,399984.0,9.77
2026-06-30,BANCO MERCANTIL SANTA CRUZ,promedio,177,1250940.0,9.77,9.82,9.77,257402.0,0,993538.0,9.75
2026-06-30,BANCO NACIONAL DE BOLIVIA,promedio,189,492923.0,9.57,9.76,9.57,126961.0,256505.0,109457.0,9.77
2026-06-30,BANCO PRODEM,promedio,9,3759.0,9.56,9.56,9.56,3759.0,0,0,9.76
2026-06-30,BANCO PYME DE LA COMUNIDAD,promedio,3,244.0,9.76,9.76,9.76,0,244.0,0,9.76
2026-06-30,BANCO PYME ECOFUTURO,promedio,6,602.0,9.76,9.76,9.76,0,602.0,0,9.76
2026-06-30,BANCO SOLIDARIO,promedio,32,1908015.0,9.79,9.8,9.79,308110.0,0,1599905.0,9.75
2026-06-30,BANCO UNION,promedio,100,96187.0,9.76,9.76,9.76,0,96187.0,0,9.76
2026-07-01,BANCO BISA,promedio,70,14976501.0,9.79,9.8,9.79,2619111.0,534140.0,11823250.0,9.78
2026-07-01,BANCO DE CREDITO,promedio,36,993657.0,9.77,9.8,9.77,293727.0,0,699930.0,9.78
2026-07-01,BANCO DE LA NACION ARGENTINA,promedio,26,16886.0,9.66,9.66,9.66,16886.0,0,0,9.78
2026-07-01,BANCO ECONOMICO,promedio,30,211466.0,9.76,9.78,9.76,37026.0,174440.0,0,9.78
2026-07-01,BANCO FIE,promedio,15,8284.0,9.66,9.66,9.66,8284.0,0,0,9.78
2026-07-01,BANCO FORTALEZA,promedio,4,96871.0,9.75,9.76,9.75,96871.0,0,0,9.78
2026-07-01,BANCO GANADERO,promedio,592,5914984.0,9.78,9.81,9.78,1655537.0,446478.0,3812969.0,9.78
2026-07-01,BANCO MERCANTIL SANTA CRUZ,promedio,360,406827.0,9.56,9.56,9.56,406827.0,0,0,9.78
2026-07-01,BANCO NACIONAL DE BOLIVIA,promedio,2008,2980659.0,9.75,9.75,9.75,2980659.0,0,0.0,9.78
2026-07-01,BANCO PRODEM,promedio,13,5846.0,9.36,9.36,9.36,5846.0,0,0,9.78
2026-07-01,BANCO PYME DE LA COMUNIDAD,promedio,3,216.0,9.76,9.76,9.76,216.0,0,0,9.78
2026-07-01,BANCO PYME ECOFUTURO,promedio,3,3620.0,9.36,9.36,9.36,3620.0,0,0,9.78
2026-07-01,BANCO SOLIDARIO,promedio,23,2633673.0,9.76,9.75,9.76,2133718.0,0,499955.0,9.78
2026-07-01,BANCO UNION,promedio,74,1623335.0,9.89,9.9,9.89,119022.0,0,1504313.0,9.78
2026-07-02,BANCO BISA,promedio,54,8452401.0,9.81,9.82,9.81,1132092.0,100039.0,7220270.0,9.78
2026-07-02,BANCO DE CREDITO,promedio,36,1239519.0,9.86,9.85,9.86,136687.0,0,1102832.0,9.79
2026-07-02,BANCO DE LA NACION ARGENTINA,promedio,24,27711.0,9.77,9.78,9.77,27711.0,0,0,9.8
2026-07-02,BANCO ECONOMICO,promedio,36,1620163.0,9.78,9.8,9.78,780180.0,700000.0,139983.0,9.8
2026-07-02,BANCO FIE,promedio,12,40169.0,9.68,9.68,9.68,40169.0,0,0,9.8
2026-07-02,BANCO FORTALEZA,promedio,2,16.0,9.78,9.78,9.78,16.0,0,0,9.8
2026-07-02,BANCO GANADERO,promedio,551,5565364.0,9.78,9.79,9.78,2801782.0,0,2763582.0,9.8
2026-07-02,BANCO MERCANTIL SANTA CRUZ,promedio,193,938533.0,9.72,9.78,9.72,483043.0,0,455490.0,9.8
2026-07-02,BANCO NACIONAL DE BOLIVIA,promedio,1101,2567310.0,9.78,9.78,9.78,2567310.0,0,0.0,9.8
2026-07-02,BANCO PRODEM,promedio,8,4502.0,9.48,9.48,9.48,4502.0,0,0,9.8
2026-07-02,BANCO PYME DE LA COMUNIDAD,promedio,3,2262.0,9.78,9.78,9.78,2262.0,0,0,9.8
2026-07-02,BANCO PYME ECOFUTURO,promedio,2,2640.0,9.38,9.38,9.38,2640.0,0,0,9.8
2026-07-02,BANCO SOLIDARIO,promedio,37,431373.0,9.77,9.8,9.77,214150.0,89818.0,127405.0,9.8
2026-07-02,BANCO UNION,promedio,75,209115.0,9.78,9.78,9.78,209115.0,0,0,9.8
2026-07-03,BANCO BISA,promedio,51,2150476.0,9.84,9.85,9.84,839491.0,177123.0,1133862.0,9.83
2026-07-03,BANCO DE CREDITO,promedio,24,1465788.0,9.88,9.9,9.88,261448.0,0,1204340.0,9.83
2026-07-03,BANCO DE LA NACION ARGENTINA,promedio,10,11336.0,9.7,9.7,9.7,11336.0,0,0,9.83
2026-07-03,BANCO ECONOMICO,promedio,38,1754920.0,9.89,9.9,9.89,213324.0,0,1541596.0,9.82
2026-07-03,BANCO FIE,promedio,8,761.0,9.7,9.7,9.7,761.0,0,0,9.83
2026-07-03,BANCO FORTALEZA,promedio,3,1133622.0,9.81,9.81,9.81,1133622.0,0,0,9.83
2026-07-03,BANCO GANADERO,promedio,569,8446425.0,9.81,9.85,9.81,3691789.0,0,4754636.0,9.84
2026-07-03,BANCO MERCANTIL SANTA CRUZ,promedio,150,3817857.0,9.84,9.82,9.84,1930931.0,187022.0,1699904.0,9.83
2026-07-03,BANCO NACIONAL DE BOLIVIA,promedio,1075,2165994.0,9.8,9.8,9.8,2165994.0,0,0,9.83
2026-07-03,BANCO PRODEM,promedio,7,18491.0,9.7,9.7,9.7,18491.0,0,0,9.83
2026-07-03,BANCO PYME DE LA COMUNIDAD,promedio,3,64.0,9.8,9.8,9.8,64.0,0,0,9.83
2026-07-03,BANCO PYME ECOFUTURO,promedio,5,3815.0,9.4,9.4,9.4,3815.0,0,0,9.83
2026-07-03,BANCO SOLIDARIO,promedio,22,802413.0,9.85,9.89,9.85,105251.0,0,697162.0,9.83
2026-07-03,BANCO UNION,promedio,83,318733.0,9.8,9.8,9.8,318733.0,0,0,9.83
2026-07-06,BANCO BISA,promedio,55,3646488.0,9.88,9.9,9.88,1433403.0,199965.0,2013120.0,9.89
2026-07-06,BANCO DE CREDITO,promedio,12,1393544.0,9.93,9.93,9.93,38201.0,0,1355343.0,9.88
2026-07-06,BANCO DE LA NACION ARGENTINA,promedio,30,17609.0,9.8,9.83,9.8,17609.0,0,0,9.89
2026-07-06,BANCO ECONOMICO,promedio,28,1198507.0,9.89,9.9,9.89,202903.0,0,995604.0,9.89
2026-07-06,BANCO FIE,promedio,17,15603.0,9.73,9.73,9.73,15603.0,0,0,9.89
2026-07-06,BANCO FORTALEZA,promedio,9,13299.0,9.76,9.75,9.76,13299.0,0,0,9.89
2026-07-06,BANCO GANADERO,promedio,562,1696172.0,9.71,9.73,9.71,1695111.0,0,1061.0,9.92
2026-07-06,BANCO MERCANTIL SANTA CRUZ,promedio,212,2540862.0,10.0,10.0,10.0,331031.0,0,2209831.0,9.86
2026-07-06,BANCO NACIONAL DE BOLIVIA,promedio,172,153597.0,9.8,9.83,9.8,153597.0,0,0,9.89
2026-07-06,BANCO PRODEM,promedio,9,4406.0,9.73,9.73,9.73,4406.0,0,0,9.89
2026-07-06,BANCO PYME DE LA COMUNIDAD,promedio,4,7049.0,9.83,9.83,9.83,7049.0,0,0,9.89
2026-07-06,BANCO PYME ECOFUTURO,promedio,3,47414.0,9.43,9.43,9.43,47414.0,0,0,9.89
2026-07-06,BANCO SOLIDARIO,promedio,34,962170.0,9.9,9.86,9.9,547053.0,0,415117.0,9.89
2026-07-06,BANCO UNION,promedio,64,180125.0,9.83,9.83,9.83,180125.0,0,0,9.89
2026-07-07,BANCO BISA,promedio,65,5791895.0,9.97,9.98,9.97,2622035.0,0,3169860.0,9.96
2026-07-07,BANCO DE CREDITO,promedio,20,818299.0,9.91,9.9,9.91,718354.0,0,99945.0,9.96
2026-07-07,BANCO DE LA NACION ARGENTINA,promedio,11,33464.0,9.82,9.79,9.82,33464.0,0,0,9.96
2026-07-07,BANCO ECONOMICO,promedio,29,1336920.0,9.99,9.98,9.99,336920.0,0,1000000.0,9.96
2026-07-07,BANCO FIE,promedio,25,14763.0,9.79,9.79,9.79,14763.0,0,0,9.96
2026-07-07,BANCO FORTALEZA,promedio,2,200.0,9.89,9.89,9.89,200.0,0,0,9.96
2026-07-07,BANCO GANADERO,promedio,545,6275603.0,9.95,10.0,9.95,2452941.0,0,3822662.0,9.97
2026-07-07,BANCO MERCANTIL SANTA CRUZ,promedio,141,1041185.0,10.01,10.02,10.01,39756.0,0,1001429.0,9.96
2026-07-07,BANCO NACIONAL DE BOLIVIA,promedio,159,5858184.0,9.95,9.9,9.95,4658209.0,0,1199975.0,9.96
2026-07-07,BANCO PRODEM,promedio,9,13867.0,9.79,9.79,9.79,13867.0,0,0,9.96
2026-07-07,BANCO PYME DE LA COMUNIDAD,promedio,1,2000.0,9.89,9.89,9.89,2000.0,0,0,9.96
2026-07-07,BANCO PYME ECOFUTURO,promedio,3,107.0,9.49,9.49,9.49,107.0,0,0,9.96
2026-07-07,BANCO SOLIDARIO,promedio,20,2513273.0,9.97,9.98,9.97,130194.0,0,2383079.0,9.96
2026-07-07,BANCO UNION,promedio,79,159336.0,9.89,9.89,9.89,159336.0,0,0,9.96
2026-07-08,BANCO BISA,promedio,85,3680118.0,10.09,10.1,10.09,1809628.0,246999.0,1623491.0,10.11
2026-07-08,BANCO DE CREDITO,promedio,23,1264766.0,10.07,10.1,10.07,370355.0,499444.0,394967.0,10.11
2026-07-08,BANCO DE LA NACION ARGENTINA,promedio,10,3320.0,9.86,9.86,9.86,3320.0,0,0,10.1
2026-07-08,BANCO ECONOMICO,promedio,17,35333.0,9.92,9.96,9.92,35333.0,0,0,10.1
2026-07-08,BANCO FIE,promedio,22,12445.0,9.86,9.86,9.86,12445.0,0,0,10.1
2026-07-08,BANCO FORTALEZA,promedio,2,425000.0,10.07,10.15,10.07,125000.0,0,300000.0,10.11
2026-07-08,BANCO GANADERO,promedio,290,6582111.0,10.04,10.1,10.04,2604266.0,1977845.0,2000000.0,10.12
2026-07-08,BANCO MERCANTIL SANTA CRUZ,promedio,162,11639754.0,10.21,10.27,10.21,3979859.0,0,7659895.0,10.03
2026-07-08,BANCO NACIONAL DE BOLIVIA,promedio,204,3606296.0,9.94,9.95,9.94,3606296.0,0,0,10.13
2026-07-08,BANCO PRODEM,promedio,13,57246.0,9.86,9.86,9.86,57246.0,0,0,10.11
2026-07-08,BANCO PYME DE LA COMUNIDAD,promedio,3,1101.0,9.96,9.96,9.96,1101.0,0,0,10.1
2026-07-08,BANCO PYME ECOFUTURO,promedio,3,422.0,9.56,9.56,9.56,422.0,0,0,10.1
2026-07-08,BANCO SOLIDARIO,promedio,36,1099351.0,10.06,10.18,10.06,470183.0,0,629168.0,10.11
2026-07-08,BANCO UNION,promedio,68,47994.0,9.96,9.96,9.96,47994.0,0,0,10.1
2026-07-09,BANCO BISA,promedio,50,3902015.0,10.23,10.25,10.23,1106340.0,0,2795675.0,10.24
2026-07-09,BANCO DE CREDITO,promedio,54,5187313.0,10.26,10.27,10.26,1218300.0,0,3969013.0,10.23
2026-07-09,BANCO DE LA NACION ARGENTINA,promedio,8,2932.0,10.0,10.0,10.0,2932.0,0,0,10.24
2026-07-09,BANCO ECONOMICO,promedio,37,724752.0,10.24,10.28,10.24,220752.0,0,504000.0,10.24
2026-07-09,BANCO FIE,promedio,14,31651.0,10.0,10.0,10.0,31651.0,0,0,10.24
2026-07-09,BANCO FORTALEZA,promedio,2,1814.0,7.5,7.5,7.5,1814.0,0,0,10.24
2026-07-09,BANCO GANADERO,promedio,277,4104284.0,10.13,10.25,10.13,1898615.0,0,2205669.0,10.26
2026-07-09,BANCO MERCANTIL SANTA CRUZ,promedio,133,9884451.0,10.28,10.33,10.28,916680.0,0,8967771.0,10.21
2026-07-09,BANCO NACIONAL DE BOLIVIA,promedio,214,3667634.0,10.14,10.1,10.14,3667634.0,0,0,10.25
2026-07-09,BANCO PRODEM,promedio,15,70219.0,10.0,10.0,10.0,70219.0,0,0,10.24
2026-07-09,BANCO PYME DE LA COMUNIDAD,promedio,4,570.0,10.1,10.1,10.1,570.0,0,0,10.24
2026-07-09,BANCO PYME ECOFUTURO,promedio,1,10.0,9.7,9.7,9.7,10.0,0,0,10.24
2026-07-09,BANCO SOLIDARIO,promedio,41,2131145.0,10.38,10.47,10.38,751550.0,0,1379595.0,10.23
2026-07-09,BANCO UNION,promedio,80,59816.0,10.1,10.1,10.1,59816.0,0,0,10.24
2026-07-10,BANCO BISA,promedio,91,8250424.0,10.38,10.4,10.38,3973018.0,1379406.0,2898000.0,10.4
2026-07-10,BANCO DE CREDITO,promedio,34,5834653.0,10.57,10.62,10.57,355031.0,99930.0,5379692.0,10.37
2026-07-10,BANCO DE LA NACION ARGENTINA,promedio,16,5190.0,10.18,10.14,10.18,5190.0,0,0,10.4
2026-07-10,BANCO ECONOMICO,promedio,30,3806369.0,10.54,10.6,10.54,506394.0,0,3299975.0,10.38
2026-07-10,BANCO FIE,promedio,11,4985.0,10.19,10.2,10.19,4985.0,0,0,10.4
2026-07-10,BANCO FORTALEZA,promedio,3,48871.0,10.27,10.27,10.27,48871.0,0,0,10.4
2026-07-10,BANCO GANADERO,promedio,246,3484964.0,10.3,10.24,10.3,2184964.0,0,1300000.0,10.41
2026-07-10,BANCO MERCANTIL SANTA CRUZ,promedio,209,800634.0,10.33,10.34,10.33,466578.0,0,334056.0,10.4
2026-07-10,BANCO NACIONAL DE BOLIVIA,promedio,225,10288924.0,10.24,10.26,10.24,10288924.0,0,0,10.46
2026-07-10,BANCO PRODEM,promedio,9,3750.0,10.14,10.14,10.14,3750.0,0,0,10.4
2026-07-10,BANCO PYME DE LA COMUNIDAD,promedio,1,68.0,10.24,10.24,10.24,68.0,0,0,10.4
2026-07-10,BANCO PYME ECOFUTURO,promedio,2,112.0,9.84,9.84,9.84,112.0,0,0,10.4
2026-07-10,BANCO SOLIDARIO,promedio,37,4015518.0,10.57,10.55,10.57,230375.0,39905.0,3745238.0,10.38
2026-07-10,BANCO UNION,promedio,80,339509.0,10.24,10.24,10.24,339509.0,0,0,10.4
2026-07-13,BANCO BISA,promedio,48,2289085.0,10.53,10.56,10.53,319120.0,0,1969965.0,10.5
2026-07-13,BANCO DE CREDITO,promedio,82,256829.0,10.38,10.3,10.38,183729.0,73100.0,0,10.51
2026-07-13,BANCO DE LA NACION ARGENTINA,promedio,16,2526.0,10.35,10.3,10.35,2526.0,0,0,10.5
2026-07-13,BANCO ECONOMICO,promedio,29,432290.0,10.53,10.6,10.53,132290.0,0,300000.0,10.5
2026-07-13,BANCO FIE,promedio,23,398680.0,10.49,10.53,10.49,66249.0,32431.0,300000.0,10.5
2026-07-13,BANCO FORTALEZA,promedio,6,70.0,10.4,10.4,10.4,70.0,0,0,10.5
2026-07-13,BANCO GANADERO,promedio,222,1560817.0,10.11,10.2,10.11,1560807.0,8.0,2.0,10.56
2026-07-13,BANCO MERCANTIL SANTA CRUZ,promedio,193,3619877.0,10.66,10.65,10.66,291464.0,70000.0,3258413.0,10.43
2026-07-13,BANCO NACIONAL DE BOLIVIA,promedio,242,442571.0,10.34,10.3,10.34,442571.0,0,0,10.51
2026-07-13,BANCO PRODEM,promedio,14,19587.0,10.3,10.3,10.3,19587.0,0,0,10.5
2026-07-13,BANCO PYME DE LA COMUNIDAD,promedio,1,252.0,10.4,10.4,10.4,252.0,0,0,10.5
2026-07-13,BANCO PYME ECOFUTURO,promedio,2,99.0,10.0,10.0,10.0,99.0,0,0,10.5
2026-07-13,BANCO SOLIDARIO,promedio,27,2250803.0,10.55,10.6,10.55,359445.0,111983.0,1779375.0,10.49
2026-07-13,BANCO UNION,promedio,126,254558.0,10.4,10.4,10.4,254558.0,0,0,10.51
2026-07-14,BANCO BISA,promedio,44,11966869.0,10.59,10.61,10.59,11966869.0,0,0,10.74
2026-07-14,BANCO DE CREDITO,promedio,112,4822134.0,10.73,10.8,10.73,780562.0,1041657.0,2999915.0,10.69
2026-07-14,BANCO DE LA NACION ARGENTINA,promedio,8,9320.0,10.43,10.4,10.43,9320.0,0,0,10.7
2026-07-14,BANCO ECONOMICO,promedio,39,2962605.0,10.72,10.76,10.72,962605.0,0,2000000.0,10.7
2026-07-14,BANCO FIE,promedio,26,2222232.0,10.8,10.85,10.8,72232.0,250000.0,1900000.0,10.69
2026-07-14,BANCO FORTALEZA,promedio,3,50545.0,10.7,10.7,10.7,570.0,49975.0,0,10.7
2026-07-14,BANCO GANADERO,promedio,237,5196938.0,10.58,10.7,10.58,2453388.0,1132250.0,1611300.0,10.71
2026-07-14,BANCO MERCANTIL SANTA CRUZ,promedio,163,14928796.0,10.81,10.86,10.81,733170.0,0,14195626.0,10.64
2026-07-14,BANCO NACIONAL DE BOLIVIA,promedio,177,392777.0,10.4,10.4,10.4,392777.0,0,0,10.7
2026-07-14,BANCO PRODEM,promedio,15,11639.0,10.4,10.4,10.4,11639.0,0,0,10.7
2026-07-14,BANCO PYME DE LA COMUNIDAD,promedio,4,2129.0,10.5,10.5,10.5,2129.0,0,0,10.7
2026-07-14,BANCO PYME ECOFUTURO,promedio,6,1146.0,10.1,10.1,10.1,1146.0,0,0,10.7
2026-07-14,BANCO SOLIDARIO,promedio,36,316661.0,10.52,10.55,10.52,316661.0,0,0,10.7
2026-07-14,BANCO UNION,promedio,137,104882.0,10.5,10.5,10.5,104882.0,0,0,10.7
2026-07-15,BANCO BISA,promedio,34,302163.0,10.71,10.75,10.71,72200.0,179963.0,50000.0,10.75
2026-07-15,BANCO DE CREDITO,promedio,105,3198821.0,10.84,10.86,10.84,385234.0,0,2813587.0,10.74
2026-07-15,BANCO DE LA NACION ARGENTINA,promedio,11,89048.0,10.69,10.7,10.69,89048.0,0,0,10.75
2026-07-15,BANCO ECONOMICO,promedio,39,457222.0,10.67,10.71,10.67,457222.0,0,0,10.76
2026-07-15,BANCO FIE,promedio,31,4732.0,10.6,10.6,10.6,4732.0,0,0,10.75
2026-07-15,BANCO FORTALEZA,promedio,6,654089.0,10.77,10.76,10.77,12176.0,0,641913.0,10.75
2026-07-15,BANCO GANADERO,promedio,444,7088777.0,10.69,10.74,10.69,4499570.0,61500.0,2527707.0,10.79
2026-07-15,BANCO MERCANTIL SANTA CRUZ,promedio,208,934189.0,10.69,10.8,10.69,371257.0,0,562932.0,10.76
2026-07-15,BANCO NACIONAL DE BOLIVIA,promedio,299,2835854.0,10.75,10.79,10.75,835854.0,0,2000000.0,10.75
2026-07-15,BANCO PRODEM,promedio,8,13772.0,10.6,10.6,10.6,13772.0,0,0,10.75
2026-07-15,BANCO PYME DE LA COMUNIDAD,promedio,5,1074.0,10.7,10.7,10.7,1025.0,0,49.0,10.75
2026-07-15,BANCO PYME ECOFUTURO,promedio,4,600.0,10.3,10.3,10.3,600.0,0,0,10.75
2026-07-15,BANCO SOLIDARIO,promedio,48,2004617.0,10.9,10.95,10.9,289199.0,0,1715418.0,10.73
2026-07-15,BANCO UNION,promedio,210,543562.0,10.7,10.7,10.7,543562.0,0,0,10.76
2026-07-17,BANCO BISA,promedio,121,8439237.0,10.93,10.95,10.93,1110602.0,100000.0,7228635.0,10.83
2026-07-17,BANCO DE CREDITO,promedio,91,1705266.0,10.86,10.85,10.86,348846.0,756535.0,599885.0,10.85
2026-07-17,BANCO DE LA NACION ARGENTINA,promedio,17,133165.0,10.74,10.75,10.74,133165.0,0,0,10.85
2026-07-17,BANCO ECONOMICO,promedio,34,39890.0,10.75,10.85,10.75,19890.0,20000.0,0,10.85
2026-07-17,BANCO FIE,promedio,24,5701.0,10.65,10.65,10.65,5701.0,0,0,10.85
2026-07-17,BANCO FORTALEZA,promedio,9,812621.0,10.8,10.78,10.8,562621.0,0,250000.0,10.85
2026-07-17,BANCO GANADERO,promedio,258,10013631.0,10.88,10.95,10.88,1714631.0,599971.0,7699029.0,10.84
2026-07-17,BANCO MERCANTIL SANTA CRUZ,promedio,169,6464450.0,10.82,10.75,10.82,3760106.0,451290.0,2253054.0,10.86
2026-07-17,BANCO NACIONAL DE BOLIVIA,promedio,260,7903359.0,10.75,10.75,10.75,7403359.0,0,500000.0,10.88
2026-07-17,BANCO PRODEM,promedio,9,1485.0,10.65,10.65,10.65,1485.0,0,0,10.85
2026-07-17,BANCO PYME DE LA COMUNIDAD,promedio,3,1211.0,10.75,10.75,10.75,1211.0,0,0,10.85
2026-07-17,BANCO PYME ECOFUTURO,promedio,6,585421.0,11.13,11.15,11.13,15500.0,0,569921.0,10.85
2026-07-17,BANCO SOLIDARIO,promedio,40,671115.0,10.99,11.02,10.99,20855.0,0,650260.0,10.85
2026-07-17,BANCO UNION,promedio,218,1040059.0,10.75,10.75,10.75,1040059.0,0,0,10.85
2026-07-20,BANCO BISA,promedio,46,6294200.0,10.94,10.98,10.94,1024882.0,945377.0,4323941.0,10.88
2026-07-20,BANCO DE CREDITO,promedio,104,1724581.0,10.9,10.87,10.9,972685.0,196241.0,555655.0,10.9
2026-07-20,BANCO DE LA NACION ARGENTINA,promedio,35,2739.0,10.76,10.75,10.76,2739.0,0,0,10.9
2026-07-20,BANCO ECONOMICO,promedio,29,65265.0,10.84,10.85,10.84,65265.0,0,0,10.9
2026-07-20,BANCO FIE,promedio,24,4003.0,10.75,10.75,10.75,4003.0,0,0,10.9
2026-07-20,BANCO FORTALEZA,promedio,12,63063.0,10.79,10.82,10.79,63063.0,0,0,10.9
2026-07-20,BANCO GANADERO,promedio,217,4292291.0,10.86,10.95,10.86,1197849.0,499960.0,2594482.0,10.92
2026-07-20,BANCO MERCANTIL SANTA CRUZ,promedio,154,1003630.0,10.85,10.87,10.85,765695.0,0,237935.0,10.91
2026-07-20,BANCO NACIONAL DE BOLIVIA,promedio,222,263128.0,10.78,10.84,10.78,263128.0,0,0,10.9
2026-07-20,BANCO PRODEM,promedio,8,3923.0,10.75,10.75,10.75,3923.0,0,0,10.9
2026-07-20,BANCO PYME DE LA COMUNIDAD,promedio,5,457.0,10.85,10.85,10.85,457.0,0,0,10.9
2026-07-20,BANCO PYME ECOFUTURO,promedio,6,6050.0,10.45,10.45,10.45,6050.0,0,0,10.9
2026-07-20,BANCO SOLIDARIO,promedio,51,695397.0,11.01,11.03,11.01,63111.0,0,632286.0,10.9
2026-07-20,BANCO UNION,promedio,275,838491.0,10.9,10.85,10.9,638516.0,0,199975.0,10.9
2026-07-21,BANCO BISA,promedio,89,8519843.0,11.0,11.0,11.0,2170490.0,2949895.0,3399458.0,11.01
2026-07-21,BANCO DE CREDITO,promedio,65,840759.0,11.06,11.08,11.06,124469.0,171290.0,545000.0,11.0
2026-07-21,BANCO DE LA NACION ARGENTINA,promedio,20,55805.0,10.96,10.98,10.96,55805.0,0,0,11.0
2026-07-21,BANCO ECONOMICO,promedio,35,10840.0,10.8,10.8,10.8,10840.0,0,0,11.0
2026-07-21,BANCO FIE,promedio,15,427580.0,10.9,10.9,10.9,427580.0,0,0,11.01
2026-07-21,BANCO FORTALEZA,promedio,8,101420.0,10.96,10.96,10.96,101420.0,0,0,11.0
2026-07-21,BANCO GANADERO,promedio,302,4328290.0,10.98,11.12,10.98,1452689.0,0,2875601.0,11.01
2026-07-21,BANCO MERCANTIL SANTA CRUZ,promedio,138,664485.0,10.91,10.95,10.91,517846.0,106100.0,40539.0,11.01
2026-07-21,BANCO NACIONAL DE BOLIVIA,promedio,236,1157721.0,10.91,10.95,10.91,657721.0,0,500000.0,11.01
2026-07-21,BANCO PRODEM,promedio,10,6503.0,10.8,10.8,10.8,6503.0,0,0,11.0
2026-07-21,BANCO PYME DE LA COMUNIDAD,promedio,11,1676.0,10.9,10.9,10.9,1676.0,0,0,11.0
2026-07-21,BANCO PYME ECOFUTURO,promedio,6,200187.0,10.9,10.9,10.9,200187.0,0,0,11.0
2026-07-21,BANCO SOLIDARIO,promedio,45,7887966.0,11.06,11.05,11.06,145858.0,0,7742108.0,10.98
2026-07-21,BANCO UNION,promedio,158,619773.0,10.9,10.9,10.9,619773.0,0,0,11.01
2026-07-22,BANCO BISA,promedio,96,10191349.0,11.09,11.14,11.09,4991324.0,0,5200025.0,11.15
2026-07-22,BANCO DE CREDITO,promedio,57,4166319.0,11.12,11.13,11.12,1721319.0,2000000.0,445000.0,11.14
2026-07-22,BANCO DE LA NACION ARGENTINA,promedio,19,5106.0,10.92,10.9,10.92,5106.0,0,0,11.13
2026-07-22,BANCO ECONOMICO,promedio,37,2129943.0,11.19,11.2,11.19,100021.0,0,2029922.0,11.13
2026-07-22,BANCO FIE,promedio,21,4591.0,10.9,10.9,10.9,4591.0,0,0,11.13
2026-07-22,BANCO FORTALEZA,promedio,10,104772.0,10.98,11.0,10.98,104772.0,0,0,11.13
2026-07-22,BANCO GANADERO,promedio,261,10339225.0,11.19,11.25,11.19,1649387.0,0,8689838.0,11.11
2026-07-22,BANCO MERCANTIL SANTA CRUZ,promedio,313,3134714.0,11.11,11.16,11.11,826184.0,0,2308530.0,11.14
2026-07-22,BANCO NACIONAL DE BOLIVIA,promedio,263,6776277.0,11.09,11.13,11.09,2776277.0,4000000.0,0,11.14
2026-07-22,BANCO PRODEM,promedio,8,12127.0,10.9,10.9,10.9,12127.0,0,0,11.13
2026-07-22,BANCO PYME DE LA COMUNIDAD,promedio,6,1178.0,11.0,11.0,11.0,1178.0,0,0,11.13
2026-07-22,BANCO PYME ECOFUTURO,promedio,5,1520.0,10.6,10.6,10.6,1520.0,0,0,11.13
2026-07-22,BANCO SOLIDARIO,promedio,39,1991354.0,11.24,11.3,11.24,796714.0,0,1194640.0,11.13
2026-07-22,BANCO UNION,promedio,81,179799.0,11.0,11.0,11.0,179799.0,0,0,11.13
2026-07-23,BANCO BISA,promedio,95,10524285.0,11.22,11.23,11.22,3995235.0,100000.0,6429050.0,11.21
2026-07-23,BANCO DE CREDITO,promedio,65,556144.0,11.18,11.18,11.18,390808.0,0,165336.0,11.21
2026-07-23,BANCO DE LA NACION ARGENTINA,promedio,17,20972.0,11.03,11.03,11.03,20972.0,0,0,11.21
2026-07-23,BANCO ECONOMICO,promedio,35,443327.0,11.23,11.2,11.23,243337.0,0,199990.0,11.21
2026-07-23,BANCO FIE,promedio,15,2814.0,11.03,11.03,11.03,2814.0,0,0,11.21
2026-07-23,BANCO FORTALEZA,promedio,8,546642.0,11.36,11.45,11.36,146667.0,0,399975.0,11.21
2026-07-23,BANCO GANADERO,promedio,369,6866825.0,11.19,11.28,11.19,2313658.0,0,4553167.0,11.22
2026-07-23,BANCO MERCANTIL SANTA CRUZ,promedio,196,3743530.0,11.27,11.34,11.27,431149.0,0,3312381.0,11.2
2026-07-23,BANCO NACIONAL DE BOLIVIA,promedio,220,3687811.0,11.11,11.13,11.11,3687811.0,0,0,11.22
2026-07-23,BANCO PRODEM,promedio,10,103793.0,11.03,11.03,11.03,103793.0,0,0,11.21
2026-07-23,BANCO PYME DE LA COMUNIDAD,promedio,8,6085.0,11.13,11.13,11.13,6085.0,0,0,11.21
2026-07-23,BANCO PYME ECOFUTURO,promedio,3,470.0,10.73,10.73,10.73,470.0,0,0,11.21
2026-07-23,BANCO SOLIDARIO,promedio,42,2006683.0,11.31,11.35,11.31,151847.0,0,1854836.0,11.2
2026-07-23,BANCO UNION,promedio,65,55282.0,11.13,11.13,11.13,55282.0,0,0,11.21
2026-07-24,BANCO BISA,promedio,102,12716266.0,11.38,11.41,11.38,3365062.0,172404.0,9178800.0,11.36
2026-07-24,BANCO DE CREDITO,promedio,57,4815867.0,11.56,11.6,11.56,212713.0,0,4603154.0,11.34
2026-07-24,BANCO DE LA NACION ARGENTINA,promedio,35,7462.0,11.11,11.11,11.11,7462.0,0,0,11.37
2026-07-24,BANCO ECONOMICO,promedio,32,1922257.0,11.5,11.61,11.5,30747.0,0,1891510.0,11.36
2026-07-24,BANCO FIE,promedio,16,3355.0,11.11,11.11,11.11,3355.0,0,0,11.37
2026-07-24,BANCO FORTALEZA,promedio,6,986507.0,11.33,11.35,11.33,986507.0,0,0,11.37
2026-07-24,BANCO GANADERO,promedio,280,9615145.0,11.38,11.41,11.38,1994969.0,0,7620176.0,11.36
2026-07-24,BANCO MERCANTIL SANTA CRUZ,promedio,221,823927.0,11.06,11.01,11.06,823927.0,0,0,11.37
2026-07-24,BANCO NACIONAL DE BOLIVIA,promedio,264,6862876.0,11.19,11.21,11.19,6862876.0,0,0,11.4
2026-07-24,BANCO PRODEM,promedio,15,2634.0,11.11,11.11,11.11,2634.0,0,0,11.37
2026-07-24,BANCO PYME DE LA COMUNIDAD,promedio,4,142044.0,11.21,11.21,11.21,142044.0,0,0,11.37
2026-07-24,BANCO PYME ECOFUTURO,promedio,7,2980.0,10.81,10.81,10.81,2980.0,0,0,11.37
2026-07-24,BANCO SOLIDARIO,promedio,41,460326.0,11.42,11.4,11.42,54906.0,0,405420.0,11.37
2026-07-24,BANCO UNION,promedio,67,35890.0,11.21,11.21,11.21,35890.0,0,0,11.37
2026-07-27,BANCO BISA,promedio,53,3636726.0,11.54,11.58,11.54,1519776.0,0,2116950.0,11.54
2026-07-27,BANCO DE CREDITO,promedio,69,4096950.0,11.74,11.7,11.74,954822.0,0,3142128.0,11.49
2026-07-27,BANCO DE LA NACION ARGENTINA,promedio,36,12619.0,11.33,11.37,11.33,12619.0,0,0,11.54
2026-07-27,BANCO ECONOMICO,promedio,39,3088493.0,11.45,11.4,11.45,2588493.0,0,500000.0,11.55
2026-07-27,BANCO FIE,promedio,19,46440.0,11.51,11.57,11.51,9465.0,0,36975.0,11.54
2026-07-27,BANCO FORTALEZA,promedio,16,1067063.0,11.52,11.3,11.52,637063.0,0,430000.0,11.54
2026-07-27,BANCO GANADERO,promedio,214,4163882.0,11.41,11.42,11.41,2943907.0,0,1219975.0,11.57
2026-07-27,BANCO MERCANTIL SANTA CRUZ,promedio,239,3158393.0,11.55,11.7,11.55,1230923.0,0,1927470.0,11.53
2026-07-27,BANCO NACIONAL DE BOLIVIA,promedio,255,507386.0,11.32,11.45,11.32,507386.0,0,0,11.54
2026-07-27,BANCO PRODEM,promedio,23,22014.0,11.27,11.27,11.27,22014.0,0,0,11.54
2026-07-27,BANCO PYME DE LA COMUNIDAD,promedio,5,5293.0,11.37,11.37,11.37,5293.0,0,0,11.54
2026-07-27,BANCO PYME ECOFUTURO,promedio,4,350.0,10.97,10.97,10.97,350.0,0,0,11.54
2026-07-27,BANCO SOLIDARIO,promedio,38,1281389.0,11.54,11.5,11.54,731509.0,0,549880.0,11.54
2026-07-27,BANCO UNION,promedio,59,53381.0,11.37,11.37,11.37,53381.0,0,0,11.54
2026-07-28,BANCO BISA,promedio,82,8944464.0,11.77,11.8,11.77,3444489.0,4000000.0,1499975.0,11.81
2026-07-28,BANCO DE CREDITO,promedio,68,1318312.0,11.78,11.99,11.78,588312.0,0,730000.0,11.8
2026-07-28,BANCO DE LA NACION ARGENTINA,promedio,26,24807.0,11.51,11.54,11.51,24807.0,0,0,11.8
2026-07-28,BANCO ECONOMICO,promedio,37,1863927.0,11.83,11.98,11.83,663937.0,0,1199990.0,11.8
2026-07-28,BANCO FIE,promedio,24,3025087.0,12.06,12.06,12.06,25087.0,0,3000000.0,11.78
2026-07-28,BANCO FORTALEZA,promedio,7,2000224.0,12.07,12.07,12.07,224.0,0,2000000.0,11.78
2026-07-28,BANCO GANADERO,promedio,279,11345343.0,11.73,11.78,11.73,6327597.0,3325236.0,1692510.0,11.83
2026-07-28,BANCO MERCANTIL SANTA CRUZ,promedio,207,4864421.0,11.91,12.0,11.91,1164789.0,0.0,3699632.0,11.78
2026-07-28,BANCO NACIONAL DE BOLIVIA,promedio,264,2514828.0,11.55,11.6,11.55,2514828.0,0,0,11.81
2026-07-28,BANCO PRODEM,promedio,16,5435.0,11.44,11.44,11.44,5435.0,0,0,11.8
2026-07-28,BANCO PYME DE LA COMUNIDAD,promedio,3,426.0,11.54,11.54,11.54,426.0,0,0,11.8
2026-07-28,BANCO PYME ECOFUTURO,promedio,8,242467.0,11.39,11.43,11.39,242467.0,0,0,11.8
2026-07-28,BANCO SOLIDARIO,promedio,43,2661720.0,11.74,11.87,11.74,1062115.0,0,1599605.0,11.8
2026-07-28,BANCO UNION,promedio,48,42014.0,11.54,11.54,11.54,42014.0,0,0,11.8
2026-07-29,BANCO BISA,promedio,71,8978676.0,12.01,12.03,12.01,1344124.0,0,7634552.0,11.85
2026-07-29,BANCO DE CREDITO,promedio,91,9214129.0,11.93,11.82,11.93,5594989.0,0,3619140.0,11.87
2026-07-29,BANCO DE LA NACION ARGENTINA,promedio,19,126013.0,11.92,11.95,11.92,28013.0,0,98000.0,11.89
2026-07-29,BANCO ECONOMICO,promedio,51,1308702.0,11.96,12.0,11.96,182946.0,0,1125756.0,11.88
2026-07-29,BANCO FIE,promedio,27,3769.0,11.7,11.7,11.7,3769.0,0,0,11.89
2026-07-29,BANCO FORTALEZA,promedio,13,329802.0,11.82,11.85,11.82,201952.0,0,127850.0,11.89
2026-07-29,BANCO GANADERO,promedio,368,3801257.0,11.82,11.95,11.82,1336784.0,0,2464473.0,11.89
2026-07-29,BANCO MERCANTIL SANTA CRUZ,promedio,234,3788154.0,11.92,12.02,11.92,1234375.0,0,2553779.0,11.88
2026-07-29,BANCO NACIONAL DE BOLIVIA,promedio,280,12769237.0,11.77,11.8,11.77,12769237.0,0,0,11.94
2026-07-29,BANCO PRODEM,promedio,16,25950.0,11.7,11.7,11.7,25950.0,0,0,11.89
2026-07-29,BANCO PYME DE LA COMUNIDAD,promedio,6,6397.0,11.8,11.8,11.8,6397.0,0,0,11.89
2026-07-29,BANCO PYME ECOFUTURO,promedio,5,102330.0,11.4,11.4,11.4,102330.0,0,0,11.89
2026-07-29,BANCO SOLIDARIO,promedio,52,1091581.0,11.96,11.98,11.96,104503.0,0,987078.0,11.88
2026-07-29,BANCO UNION,promedio,76,113341.0,11.8,11.8,11.8,113341.0,0,0,11.89
2026-07-30,BANCO BISA,promedio,74,13240160.0,12.16,12.2,12.16,2340215.0,1200000.0,9699945.0,12.15
2026-07-30,BANCO DE CREDITO,promedio,88,7088266.0,12.24,12.2,12.24,1166302.0,0,5921964.0,12.13
2026-07-30,BANCO DE LA NACION ARGENTINA,promedio,31,17861.0,11.8,11.79,11.8,17861.0,0,0,12.15
2026-07-30,BANCO ECONOMICO,promedio,48,155918.0,11.84,11.89,11.84,155918.0,0,0,12.15
2026-07-30,BANCO FIE,promedio,23,525380.0,12.04,12.04,12.04,525380.0,0,0,12.15
2026-07-30,BANCO FORTALEZA,promedio,13,1244318.0,12.33,12.4,12.33,244318.0,0,1000000.0,12.15
2026-07-30,BANCO GANADERO,promedio,396,11208391.0,12.15,12.22,12.15,1556748.0,0,9651643.0,12.15
2026-07-30,BANCO MERCANTIL SANTA CRUZ,promedio,274,2275041.0,12.0,12.05,12.0,2015041.0,0,260000.0,12.16
2026-07-30,BANCO NACIONAL DE BOLIVIA,promedio,325,1483401.0,11.95,12.05,11.95,1483401.0,0,0,12.16
2026-07-30,BANCO PRODEM,promedio,15,11361.0,11.79,11.79,11.79,11361.0,0,0,12.15
2026-07-30,BANCO PYME DE LA COMUNIDAD,promedio,11,5585.0,11.89,11.89,11.89,5585.0,0,0,12.15
2026-07-30,BANCO PYME ECOFUTURO,promedio,3,660.0,11.49,11.49,11.49,660.0,0,0,12.15
2026-07-30,BANCO SOLIDARIO,promedio,49,556276.0,12.07,12.1,12.07,286316.0,20000.0,249960.0,12.15
2026-07-30,BANCO UNION,promedio,88,913230.0,12.09,12.25,12.09,413230.0,0,500000.0,12.15
2026-07-31,BANCO BISA,promedio,60,7245017.0,12.19,12.2,12.19,1103758.0,0,6141259.0,12.12
2026-07-31,BANCO DE CREDITO,promedio,104,2089165.0,12.18,12.21,12.18,315633.0,0,1773532.0,12.13
2026-07-31,BANCO DE LA NACION ARGENTINA,promedio,38,111039.0,12.16,12.15,12.16,11139.0,0,99900.0,12.13
2026-07-31,BANCO ECONOMICO,promedio,146,2599071.0,12.05,12.12,12.05,2599071.0,0,0,12.14
2026-07-31,BANCO FIE,promedio,33,551965.0,12.19,12.21,12.19,91990.0,0,459975.0,12.13
2026-07-31,BANCO FORTALEZA,promedio,14,576982.0,12.11,12.0,12.11,347174.0,0,229808.0,12.13
2026-07-31,BANCO GANADERO,promedio,370,9927452.0,12.08,12.15,12.08,3981967.0,0,5945485.0,12.15
2026-07-31,BANCO MERCANTIL SANTA CRUZ,promedio,314,5698732.0,12.13,12.15,12.13,1097425.0,0,4601307.0,12.13
2026-07-31,BANCO NACIONAL DE BOLIVIA,promedio,410,6795663.0,12.17,12.2,12.17,1899729.0,0,4895934.0,12.12
2026-07-31,BANCO PRODEM,promedio,25,76628.0,12.05,12.05,12.05,76628.0,0,0,12.13
2026-07-31,BANCO PYME DE LA COMUNIDAD,promedio,14,26442.0,12.15,12.15,12.15,0,0,26442.0,12.13
2026-07-31,BANCO PYME ECOFUTURO,promedio,5,220289.0,12.1,12.1,12.1,220289.0,0,0,12.13
2026-07-31,BANCO SOLIDARIO,promedio,53,3173792.0,12.04,12.17,12.04,1200371.0,0,1973421.0,12.14
2026-07-31,BANCO UNION,promedio,234,2070157.0,12.19,12.15,12.19,0,0,2070157.0,12.13
2026-08-03,BANCO BISA,promedio,66,2841500.0,11.96,11.93,11.96,2816359.0,0,25141.0,12.1
2026-08-03,BANCO DE CREDITO,promedio,142,1976995.0,12.1,12.13,12.1,396089.0,0,1580906.0,12.08
2026-08-03,BANCO DE LA NACION ARGENTINA,promedio,31,103665.0,12.12,12.13,12.12,10325.0,0,93340.0,12.08
2026-08-03,BANCO ECONOMICO,promedio,60,1252144.0,11.97,12.0,11.97,1252144.0,0,0,12.09
2026-08-03,BANCO FIE,promedio,40,55907.0,12.03,12.03,12.03,55907.0,0,0,12.08
2026-08-03,BANCO FORTALEZA,promedio,7,1504777.0,12.31,12.31,12.31,21728.0,0,1483049.0,12.07
2026-08-03,BANCO GANADERO,promedio,116,5863480.0,12.07,12.2,12.07,275185.0,0,5588295.0,12.09
2026-08-03,BANCO MERCANTIL SANTA CRUZ,promedio,378,3372165.0,12.06,12.05,12.06,1977324.0,0,1394841.0,12.09
2026-08-03,BANCO NACIONAL DE BOLIVIA,promedio,467,2757616.0,12.05,12.2,12.05,1003827.0,0,1753789.0,12.09
2026-08-03,BANCO PRODEM,promedio,36,43765.0,12.03,12.03,12.03,43765.0,0,0,12.08
2026-08-03,BANCO PYME DE LA COMUNIDAD,promedio,6,6283.0,12.13,12.13,12.13,0,0,6283.0,12.08
2026-08-03,BANCO PYME ECOFUTURO,promedio,11,26160.0,11.73,11.73,11.73,26160.0,0,0,12.08
2026-08-03,BANCO SOLIDARIO,promedio,35,1577317.0,12.14,12.15,12.14,245239.0,0,1332078.0,12.08
2026-08-03,BANCO UNION,promedio,313,5433130.0,12.14,12.13,12.14,16.0,0,5433114.0,12.07
2026-08-04,BANCO BISA,promedio,126,106804902.0,12.03,12.04,12.03,6798139.0,0,100006763.0,12.01
2026-08-04,BANCO DE CREDITO,promedio,374,1990107.0,11.97,11.95,11.97,1727224.0,0,262883.0,12.02
2026-08-04,BANCO DE LA NACION ARGENTINA,promedio,11,2533.0,11.9,11.88,11.9,2333.0,0,200.0,12.02
2026-08-04,BANCO ECONOMICO,promedio,54,4143980.0,11.92,11.9,11.92,4143980.0,0,0,12.02
2026-08-04,BANCO FIE,promedio,25,1066948.0,12.19,12.2,12.19,66948.0,0,1000000.0,12.02
2026-08-04,BANCO FORTALEZA,promedio,8,337142.0,12.06,12.08,12.06,71162.0,0,265980.0,12.02
2026-08-04,BANCO GANADERO,promedio,769,13239971.0,11.98,12.06,11.98,4045612.0,0,9194359.0,12.03
2026-08-04,BANCO MERCANTIL SANTA CRUZ,promedio,445,5251692.0,11.98,12.0,11.98,4016170.0,0,1235522.0,12.02
2026-08-04,BANCO NACIONAL DE BOLIVIA,promedio,541,14858963.0,12.02,12.08,12.02,4777589.0,0,10081374.0,12.02
2026-08-04,BANCO PRODEM,promedio,72,160064.0,11.98,11.98,11.98,160064.0,0,0,12.02
2026-08-04,BANCO PYME DE LA COMUNIDAD,promedio,18,26452.0,12.08,12.08,12.08,0,0,26452.0,12.02
2026-08-04,BANCO PYME ECOFUTURO,promedio,9,14353.0,11.68,11.68,11.68,14353.0,0,0,12.02
2026-08-04,BANCO SOLIDARIO,promedio,56,3326125.0,12.0,11.94,12.0,1697584.0,0,1628541.0,12.02
2026-08-04,BANCO UNION,promedio,500,8717523.0,12.09,12.08,12.09,0,0,8717523.0,12.02
2026-08-05,BANCO BISA,promedio,159,30301395.0,11.86,11.85,11.86,18575913.0,799980.0,10925502.0,11.85
2026-08-05,BANCO DE CREDITO,promedio,409,1650749.0,11.8,11.8,11.8,1434777.0,0,215972.0,11.86
2026-08-05,BANCO DE LA NACION ARGENTINA,promedio,20,13769.0,11.82,11.82,11.82,13769.0,0,0,11.86
2026-08-05,BANCO ECONOMICO,promedio,64,1960611.0,11.88,11.9,11.88,672099.0,0,1288512.0,11.86
2026-08-05,BANCO FIE,promedio,24,213463.0,12.05,12.05,12.05,0,0,213463.0,11.86
2026-08-05,BANCO FORTALEZA,promedio,16,105065.0,11.87,11.9,11.87,30000.0,0,75065.0,11.86
2026-08-05,BANCO GANADERO,promedio,197,13107513.0,11.87,11.9,11.87,2158499.0,0,10949014.0,11.85
2026-08-05,BANCO MERCANTIL SANTA CRUZ,promedio,287,6707597.0,11.87,11.88,11.87,2421318.0,0,4286279.0,11.86
2026-08-05,BANCO NACIONAL DE BOLIVIA,promedio,554,4040013.0,11.75,11.62,11.75,2495237.0,0,1544776.0,11.86
2026-08-05,BANCO PRODEM,promedio,85,288044.0,11.82,11.82,11.82,288044.0,0,0,11.86
2026-08-05,BANCO PYME DE LA COMUNIDAD,promedio,12,58829.0,12.02,12.02,12.02,0,0,58829.0,11.86
2026-08-05,BANCO PYME ECOFUTURO,promedio,5,2714.0,11.62,11.62,11.62,2714.0,0,0,11.86
2026-08-05,BANCO SOLIDARIO,promedio,49,1143659.0,11.85,11.8,11.85,744203.0,0,399456.0,11.86
2026-08-05,BANCO UNION,promedio,163,889618.0,11.92,11.92,11.92,0,0,889618.0,11.86
2026-08-10,BANCO BISA,promedio,120,19752071.0,11.76,11.78,11.76,9314837.0,119975.0,10317259.0,11.78
2026-08-10,BANCO DE CREDITO,promedio,486,2235625.0,11.67,11.6,11.67,1431400.0,0,804225.0,11.78
2026-08-10,BANCO DE LA NACION ARGENTINA,promedio,22,11516.0,11.79,11.86,11.79,1691.0,0,9825.0,11.77
2026-08-10,BANCO ECONOMICO,promedio,63,48413.0,11.1,11.1,11.1,48413.0,0,0,11.78
2026-08-10,BANCO FIE,promedio,18,347302.0,11.76,11.76,11.76,347302.0,0,0,11.78
2026-08-10,BANCO FORTALEZA,promedio,11,30067.0,11.74,11.86,11.74,14879.0,0,15188.0,11.77
2026-08-10,BANCO GANADERO,promedio,278,26287526.0,11.82,11.85,11.82,6049448.0,0,20238078.0,11.74
2026-08-10,BANCO MERCANTIL SANTA CRUZ,promedio,220,9453503.0,11.77,11.79,11.77,1569430.0,0,7884073.0,11.78
2026-08-10,BANCO NACIONAL DE BOLIVIA,promedio,533,2739404.0,11.69,11.8,11.69,1253400.0,0,1486004.0,11.78
2026-08-10,BANCO PRODEM,promedio,97,349500.0,11.66,11.66,11.66,349500.0,0,0,11.78
2026-08-10,BANCO PYME DE LA COMUNIDAD,promedio,15,47533.0,11.86,11.86,11.86,0,0,47533.0,11.77
2026-08-10,BANCO PYME ECOFUTURO,promedio,4,3316.0,11.46,11.46,11.46,3316.0,0,0,11.77
2026-08-10,BANCO SOLIDARIO,promedio,73,1154984.0,11.59,11.7,11.59,739166.0,15818.0,400000.0,11.78
2026-08-10,BANCO UNION,promedio,96,248411.0,11.36,11.36,11.36,248374.0,0,37.0,11.78
2026-08-11,BANCO BISA,promedio,193,72570741.0,11.73,11.73,11.73,2026320.0,899950.0,69644471.0,11.66
2026-08-11,BANCO DE CREDITO,promedio,360,1028145.0,11.6,11.6,11.6,907010.0,0,121135.0,11.71
2026-08-11,BANCO DE LA NACION ARGENTINA,promedio,3,580.0,11.27,11.27,11.27,580.0,0,0,11.71
2026-08-11,BANCO ECONOMICO,promedio,68,718615.0,11.65,11.6,11.65,544175.0,0,174440.0,11.71
2026-08-11,BANCO FIE,promedio,19,909124.0,11.71,11.67,11.71,609139.0,0,299985.0,11.71
2026-08-11,BANCO FORTALEZA,promedio,8,148428.0,11.6,11.6,11.6,148258.0,0,170.0,11.71
2026-08-11,BANCO GANADERO,promedio,178,11845322.0,11.69,11.74,11.69,4463783.0,0,7381539.0,11.72
2026-08-11,BANCO MERCANTIL SANTA CRUZ,promedio,220,1133686.0,11.54,11.6,11.54,702989.0,0,430697.0,11.71
2026-08-11,BANCO NACIONAL DE BOLIVIA,promedio,291,910171.0,11.41,11.5,11.41,721057.0,0,189114.0,11.72
2026-08-11,BANCO PRODEM,promedio,98,409921.0,11.57,11.57,11.57,409921.0,0,0,11.71
2026-08-11,BANCO PYME DE LA COMUNIDAD,promedio,8,8301.0,11.77,11.77,11.77,0,0,8301.0,11.71
2026-08-11,BANCO PYME ECOFUTURO,promedio,1,200.0,11.37,11.37,11.37,200.0,0,0,11.71
2026-08-11,BANCO SOLIDARIO,promedio,44,5907069.0,11.76,11.77,11.76,616994.0,0,5290075.0,11.71
2026-08-11,BANCO UNION,promedio,62,665315.0,10.73,10.5,10.73,665315.0,0,0,11.72
2026-08-12,BANCO BISA,promedio,126,12318126.0,11.69,11.7,11.69,1094685.0,0,11223441.0,11.64
2026-08-12,BANCO DE CREDITO,promedio,369,5910414.0,11.69,11.7,11.69,1689410.0,0,4221004.0,11.65
2026-08-12,BANCO DE LA NACION ARGENTINA,promedio,2,1350.0,11.21,11.21,11.21,1350.0,0,0,11.66
2026-08-12,BANCO ECONOMICO,promedio,73,531240.0,11.5,11.55,11.5,531240.0,0,0,11.66
2026-08-12,BANCO FIE,promedio,14,187612.0,11.67,11.67,11.67,54088.0,0,133524.0,11.66
2026-08-12,BANCO FORTALEZA,promedio,18,2471870.0,11.61,11.54,11.61,1805604.0,0,666266.0,11.66
2026-08-12,BANCO GANADERO,promedio,276,8382354.0,11.63,11.7,11.63,420879.0,318982.0,7642493.0,11.67
2026-08-12,BANCO MERCANTIL SANTA CRUZ,promedio,153,5048104.0,11.71,11.76,11.71,677957.0,0,4370147.0,11.65
2026-08-12,BANCO NACIONAL DE BOLIVIA,promedio,273,3082805.0,11.56,11.65,11.56,2956389.0,0,126416.0,11.67
2026-08-12,BANCO PRODEM,promedio,69,271193.0,11.41,11.41,11.41,271193.0,0,0,11.66
2026-08-12,BANCO PYME DE LA COMUNIDAD,promedio,8,8462.0,11.47,11.31,11.47,5000.0,0,3462.0,11.66
2026-08-12,BANCO SOLIDARIO,promedio,32,647140.0,11.61,11.6,11.61,480151.0,0,166989.0,11.66
2026-08-12,BANCO UNION,promedio,30,51181.0,10.67,10.5,10.67,51181.0,0,0,11.66
2026-08-13,BANCO BISA,promedio,128,12770296.0,11.64,11.66,11.64,917368.0,0,11852928.0,11.61
2026-08-13,BANCO DE CREDITO,promedio,265,4781021.0,11.63,11.66,11.63,911912.0,0,3869109.0,11.62
2026-08-13,BANCO DE LA NACION ARGENTINA,promedio,5,145788.0,11.55,11.55,11.55,145788.0,0,0,11.62
2026-08-13,BANCO ECONOMICO,promedio,87,1144155.0,11.42,11.4,11.42,1144155.0,0,0,11.63
2026-08-13,BANCO FIE,promedio,16,77182.0,11.61,11.6,11.61,62182.0,0,15000.0,11.62
2026-08-13,BANCO FORTALEZA,promedio,15,212247.0,11.54,11.55,11.54,205244.0,0,7003.0,11.62
2026-08-13,BANCO GANADERO,promedio,184,5781734.0,11.59,11.63,11.59,2666109.0,0,3115625.0,11.63
2026-08-13,BANCO MERCANTIL SANTA CRUZ,promedio,184,10821109.0,11.66,11.66,11.66,1612040.0,0,9209069.0,11.61
2026-08-13,BANCO NACIONAL DE BOLIVIA,promedio,226,2871761.0,11.57,11.62,11.57,1116842.0,500000.0,1254919.0,11.62
2026-08-13,BANCO PRODEM,promedio,43,177954.0,11.36,11.36,11.36,177954.0,0,0,11.62
2026-08-13,BANCO PYME DE LA COMUNIDAD,promedio,6,13401.0,11.51,11.66,11.51,6400.0,0,7001.0,11.62
2026-08-13,BANCO PYME ECOFUTURO,promedio,2,1500.0,11.26,11.26,11.26,1500.0,0,0,11.62
2026-08-13,BANCO SOLIDARIO,promedio,36,3281690.0,11.6,11.6,11.6,3218460.0,0,63230.0,11.62
2026-08-13,BANCO UNION,promedio,28,18225.0,10.16,10.16,10.16,18225.0,0,0,11.62
2026-08-14,BANCO BISA,promedio,123,12800668.0,11.56,11.55,11.56,9598615.0,35000.0,3167053.0,11.58
2026-08-14,BANCO DE CREDITO,promedio,317,3040587.0,11.62,11.65,11.62,760999.0,0,2279588.0,11.57
2026-08-14,BANCO DE LA NACION ARGENTINA,promedio,11,32075.0,11.46,11.5,11.46,31575.0,0,500.0,11.58
2026-08-14,BANCO ECONOMICO,promedio,54,782249.0,11.52,11.55,11.52,782249.0,0,0,11.58
2026-08-14,BANCO FIE,promedio,28,1086452.0,11.63,11.65,11.63,81465.0,0,1004987.0,11.57
2026-08-14,BANCO FORTALEZA,promedio,16,241180.0,11.54,11.6,11.54,90962.0,0,150218.0,11.58
2026-08-14,BANCO GANADERO,promedio,170,11167634.0,11.59,11.59,11.59,1314983.0,4085671.0,5766980.0,11.57
2026-08-14,BANCO MERCANTIL SANTA CRUZ,promedio,171,5524585.0,11.59,11.62,11.59,623019.0,0,4901566.0,11.57
2026-08-14,BANCO NACIONAL DE BOLIVIA,promedio,251,1159766.0,11.47,11.52,11.47,655520.0,0,504246.0,11.58
2026-08-14,BANCO PRODEM,promedio,24,50458.0,11.32,11.32,11.32,50458.0,0,0,11.58
2026-08-14,BANCO PYME ECOFUTURO,promedio,1,1.0,11.22,11.22,11.22,1.0,0,0,11.58
2026-08-14,BANCO SOLIDARIO,promedio,32,370467.0,11.51,11.47,11.51,254467.0,0,116000.0,11.58
2026-08-14,BANCO UNION,promedio,25,59954.0,11.52,11.72,11.52,10019.0,0,49935.0,11.58
2026-08-17,BANCO BISA,promedio,64,6497350.0,11.56,11.57,11.56,746208.0,600000.0,5151142.0,11.55
2026-08-17,BANCO DE CREDITO,promedio,371,2323702.0,11.59,11.64,11.59,273579.0,239292.0,1810831.0,11.55
2026-08-17,BANCO DE LA NACION ARGENTINA,promedio,29,2332.0,11.08,11.08,11.08,2332.0,0,0,11.55
2026-08-17,BANCO ECONOMICO,promedio,52,333053.0,11.48,11.5,11.48,333053.0,0,0,11.55
2026-08-17,BANCO FIE,promedio,31,240087.0,11.49,11.52,11.49,162087.0,0,78000.0,11.55
2026-08-17,BANCO FORTALEZA,promedio,7,335474.0,11.58,11.6,11.58,30196.0,0,305278.0,11.55
2026-08-17,BANCO GANADERO,promedio,167,12645125.0,11.55,11.57,11.55,219560.0,1186783.0,11238782.0,11.55
2026-08-17,BANCO MERCANTIL SANTA CRUZ,promedio,162,3791902.0,11.58,11.62,11.58,244555.0,0,3547347.0,11.55
2026-08-17,BANCO NACIONAL DE BOLIVIA,promedio,259,2431330.0,11.48,11.55,11.48,945007.0,500000.0,986323.0,11.56
2026-08-17,BANCO PRODEM,promedio,24,6305.0,11.28,11.28,11.28,6305.0,0,0,11.55
2026-08-17,BANCO PYME DE LA COMUNIDAD,promedio,2,247.0,11.5,11.58,11.5,50.0,0,197.0,11.55
2026-08-17,BANCO PYME ECOFUTURO,promedio,3,251.0,11.18,11.18,11.18,251.0,0,0,11.55
2026-08-17,BANCO SOLIDARIO,promedio,43,613137.0,11.6,11.68,11.6,157036.0,83505.0,372596.0,11.55
2026-08-17,BANCO UNION,promedio,28,58751.0,10.5,10.5,10.5,58751.0,0,0,11.55
2026-08-18,BANCO BISA,promedio,93,51436771.0,11.51,11.52,11.51,51357080.0,0,79691.0,11.52
2026-08-18,BANCO DE CREDITO,promedio,314,1522230.0,11.52,11.55,11.52,185327.0,414981.0,921922.0,11.52
2026-08-18,BANCO DE LA NACION ARGENTINA,promedio,9,2763.0,11.05,11.05,11.05,2763.0,0,0,11.52
2026-08-18,BANCO ECONOMICO,promedio,41,403708.0,11.44,11.5,11.44,353708.0,0,50000.0,11.52
2026-08-18,BANCO FIE,promedio,17,48587.0,11.38,11.35,11.38,48587.0,0,0,11.52
2026-08-18,BANCO FORTALEZA,promedio,8,124681.0,11.55,11.55,11.55,4479.0,0,120202.0,11.52
2026-08-18,BANCO GANADERO,promedio,168,6293206.0,11.54,11.55,11.54,105711.0,271982.0,5915513.0,11.51
2026-08-18,BANCO MERCANTIL SANTA CRUZ,promedio,167,4160935.0,11.52,11.58,11.52,410487.0,0,3750448.0,11.52
2026-08-18,BANCO NACIONAL DE BOLIVIA,promedio,198,2002198.0,11.5,11.53,11.5,431742.0,0,1570456.0,11.52
2026-08-18,BANCO PRODEM,promedio,12,12065.0,11.25,11.25,11.25,12065.0,0,0,11.52
2026-08-18,BANCO PYME DE LA COMUNIDAD,promedio,2,1940.0,11.15,11.15,11.15,1940.0,0,0,11.52
2026-08-18,BANCO PYME ECOFUTURO,promedio,3,2551.0,11.15,11.15,11.15,2551.0,0,0,11.52
2026-08-18,BANCO SOLIDARIO,promedio,34,3386445.0,11.52,11.52,11.52,188491.0,3003178.0,194776.0,11.52
2026-08-18,BANCO UNION,promedio,37,61103.0,10.5,10.5,10.5,61103.0,0,0,11.52
2026-08-19,BANCO BISA,promedio,124,12808357.0,11.51,11.52,11.51,11752350.0,1014133.0,41874.0,11.52
2026-08-19,BANCO DE CREDITO,promedio,332,2130881.0,11.52,11.5,11.52,1248787.0,21885.0,860209.0,11.52
2026-08-19,BANCO DE LA NACION ARGENTINA,promedio,12,17136.0,11.36,11.4,11.36,17136.0,0,0,11.52
2026-08-19,BANCO ECONOMICO,promedio,30,990300.0,11.53,11.55,11.53,369716.0,0,620584.0,11.52
2026-08-19,BANCO FIE,promedio,28,217172.0,11.51,11.52,11.51,7267.0,209905.0,0,11.52
2026-08-19,BANCO FORTALEZA,promedio,8,738265.0,11.54,11.55,11.54,38290.0,0,699975.0,11.52
2026-08-19,BANCO GANADERO,promedio,139,4172244.0,11.53,11.56,11.53,125221.0,835348.0,3211675.0,11.52
2026-08-19,BANCO MERCANTIL SANTA CRUZ,promedio,172,11919869.0,11.53,11.51,11.53,7530823.0,820.0,4388226.0,11.51
2026-08-19,BANCO NACIONAL DE BOLIVIA,promedio,235,309847.0,11.36,11.32,11.36,282015.0,1430.0,26402.0,11.52
2026-08-19,BANCO PRODEM,promedio,15,4698.0,11.22,11.22,11.22,4698.0,0,0,11.52
2026-08-19,BANCO PYME DE LA COMUNIDAD,promedio,3,10000.0,11.12,11.12,11.12,10000.0,0,0,11.52
2026-08-19,BANCO PYME ECOFUTURO,promedio,2,180.0,11.12,11.12,11.12,180.0,0,0,11.52
2026-08-19,BANCO SOLIDARIO,promedio,42,898170.0,11.51,11.55,11.51,392812.0,5378.0,499980.0,11.52
2026-08-19,BANCO UNION,promedio,19,80369.0,11.46,11.47,11.46,80369.0,0,0,11.52
2026-08-20,BANCO BISA,promedio,93,7939411.0,11.52,11.53,11.52,1185414.0,1348693.0,5405304.0,11.51
2026-08-20,BANCO DE CREDITO,promedio,345,3532605.0,11.53,11.54,11.53,1267043.0,26562.0,2239000.0,11.51
2026-08-20,BANCO DE LA NACION ARGENTINA,promedio,16,120321.0,11.48,11.52,11.48,31321.0,89000.0,0,11.52
2026-08-20,BANCO ECONOMICO,promedio,46,1492326.0,11.56,11.55,11.56,21711.0,23309.0,1447306.0,11.51
2026-08-20,BANCO FIE,promedio,20,14575.0,11.32,11.32,11.32,14575.0,0,0,11.52
2026-08-20,BANCO FORTALEZA,promedio,9,98086.0,11.47,11.47,11.47,97754.0,332.0,0,11.52
2026-08-20,BANCO GANADERO,promedio,142,7434730.0,11.52,11.54,11.52,170092.0,3040333.0,4224305.0,11.52
2026-08-20,BANCO MERCANTIL SANTA CRUZ,promedio,177,3748640.0,11.45,11.51,11.45,3392060.0,75000.0,281580.0,11.52
2026-08-20,BANCO NACIONAL DE BOLIVIA,promedio,250,5039003.0,11.51,11.53,11.51,722248.0,816359.0,3500396.0,11.52
2026-08-20,BANCO PRODEM,promedio,18,13867.0,11.22,11.22,11.22,13867.0,0,0,11.52
2026-08-20,BANCO PYME DE LA COMUNIDAD,promedio,5,1104.0,11.12,11.12,11.12,1104.0,0,0,11.52
2026-08-20,BANCO SOLIDARIO,promedio,27,3189296.0,11.57,11.58,11.57,71349.0,211195.0,2906752.0,11.51
2026-08-20,BANCO UNION,promedio,27,87131.0,11.45,11.47,11.45,87131.0,0,0,11.52
2026-08-21,BANCO BISA,promedio,139,5066456.0,11.51,11.52,11.51,1905531.0,267520.0,2893405.0,11.5
2026-08-21,BANCO DE CREDITO,promedio,334,1863696.0,11.5,11.56,11.5,317500.0,0,1546196.0,11.5
2026-08-21,BANCO DE LA NACION ARGENTINA,promedio,15,31836.0,11.38,11.4,11.38,31706.0,0,130.0,11.5
2026-08-21,BANCO ECONOMICO,promedio,43,557386.0,11.53,11.53,11.53,0,57404.0,499982.0,11.5
2026-08-21,BANCO FIE,promedio,27,149951.0,11.32,11.32,11.32,149951.0,0,0,11.5
2026-08-21,BANCO FORTALEZA,promedio,5,63889.0,11.48,11.48,11.48,58886.0,0,5003.0,11.5
2026-08-21,BANCO GANADERO,promedio,170,5501678.0,11.5,11.54,11.5,104934.0,87956.0,5308788.0,11.5
2026-08-21,BANCO MERCANTIL SANTA CRUZ,promedio,199,1245375.0,11.49,11.56,11.49,165814.0,0,1079561.0,11.5
2026-08-21,BANCO NACIONAL DE BOLIVIA,promedio,239,1562295.0,11.46,11.51,11.46,458259.0,0,1104036.0,11.51
2026-08-21,BANCO PRODEM,promedio,22,8319.0,11.22,11.22,11.22,8319.0,0,0,11.5
2026-08-21,BANCO PYME DE LA COMUNIDAD,promedio,2,1029.0,11.12,11.12,11.12,1029.0,0,0,11.5
2026-08-21,BANCO SOLIDARIO,promedio,36,1622605.0,11.55,11.55,11.55,6367.0,19805.0,1596433.0,11.5
2026-08-21,BANCO UNION,promedio,18,3765.0,10.5,10.5,10.5,3765.0,0,0,11.5
2026-08-24,BANCO BISA,promedio,81,3577350.0,11.55,11.55,11.55,1629219.0,0,1948131.0,11.53
2026-08-24,BANCO DE CREDITO,promedio,347,914474.0,11.54,11.6,11.54,345776.0,0,568698.0,11.54
2026-08-24,BANCO DE LA NACION ARGENTINA,promedio,26,4717.0,11.0,11.0,11.0,4717.0,0,0,11.54
2026-08-24,BANCO ECONOMICO,promedio,47,2477890.0,11.59,11.59,11.59,56658.0,0,2421232.0,11.53
2026-08-24,BANCO FIE,promedio,19,93440.0,11.53,11.57,11.53,13440.0,0,80000.0,11.54
2026-08-24,BANCO FORTALEZA,promedio,11,510136.0,11.59,11.6,11.59,10136.0,0,500000.0,11.53
2026-08-24,BANCO GANADERO,promedio,164,8269535.0,11.53,11.54,11.53,1255305.0,3313327.0,3700903.0,11.54
2026-08-24,BANCO MERCANTIL SANTA CRUZ,promedio,232,1135863.0,11.28,11.4,11.28,935863.0,0,200000.0,11.55
2026-08-24,BANCO NACIONAL DE BOLIVIA,promedio,264,1768376.0,11.57,11.61,11.57,268376.0,0,1500000.0,11.53
2026-08-24,BANCO PRODEM,promedio,10,1339.0,11.2,11.2,11.2,1339.0,0,0,11.54
2026-08-24,BANCO PYME DE LA COMUNIDAD,promedio,1,700.0,11.1,11.1,11.1,700.0,0,0,11.54
2026-08-24,BANCO SOLIDARIO,promedio,36,1736939.0,11.58,11.57,11.58,37059.0,0,1699880.0,11.53
2026-08-24,BANCO UNION,promedio,33,6970.0,10.5,10.5,10.5,6970.0,0,0,11.54
2026-08-25,BANCO BISA,promedio,95,25462104.0,11.53,11.53,11.53,25453320.0,0,8784.0,11.63
2026-08-25,BANCO DE CREDITO,promedio,383,2315219.0,11.62,11.64,11.62,354358.0,0,1960861.0,11.57
2026-08-25,BANCO DE LA NACION ARGENTINA,promedio,18,9844.0,11.05,11.04,11.05,9844.0,0,0,11.57
2026-08-25,BANCO ECONOMICO,promedio,55,1193528.0,11.61,11.59,11.61,93548.0,0,1099980.0,11.57
2026-08-25,BANCO FIE,promedio,26,1034956.0,11.66,11.7,11.66,221904.0,0,813052.0,11.57
2026-08-25,BANCO FORTALEZA,promedio,9,82828.0,11.5,11.52,11.5,82828.0,0,0,11.57
2026-08-25,BANCO GANADERO,promedio,214,5262517.0,11.57,11.6,11.57,1002209.0,1140576.0,3119732.0,11.57
2026-08-25,BANCO MERCANTIL SANTA CRUZ,promedio,245,6991371.0,11.71,11.76,11.71,198743.0,0,6792628.0,11.55
2026-08-25,BANCO NACIONAL DE BOLIVIA,promedio,278,1600491.0,11.55,11.57,11.55,692436.0,0,908055.0,11.58
2026-08-25,BANCO PRODEM,promedio,11,8352.0,11.24,11.24,11.24,8352.0,0,0,11.57
2026-08-25,BANCO PYME DE LA COMUNIDAD,promedio,2,4.0,11.14,11.14,11.14,4.0,0,0,11.57
2026-08-25,BANCO PYME ECOFUTURO,promedio,1,1.0,11.14,11.14,11.14,1.0,0,0,11.57
2026-08-25,BANCO SOLIDARIO,promedio,49,1405829.0,11.59,11.61,11.59,150185.0,157676.0,1097968.0,11.57
2026-08-25,BANCO UNION,promedio,36,3722.0,10.5,10.5,10.5,3722.0,0,0,11.57
2026-08-26,BANCO BISA,promedio,132,12735608.0,11.72,11.72,11.72,3710661.0,0,9024947.0,11.7
2026-08-26,BANCO DE CREDITO,promedio,377,4226139.0,11.71,11.7,11.71,3226199.0,0,999940.0,11.71
2026-08-26,BANCO DE LA NACION ARGENTINA,promedio,25,8372.0,11.49,11.57,11.49,8372.0,0,0,11.71
2026-08-26,BANCO ECONOMICO,promedio,32,367349.0,11.64,11.65,11.64,367349.0,0,0,11.71
2026-08-26,BANCO FIE,promedio,22,1306468.0,11.78,11.84,11.78,506493.0,0,799975.0,11.71
2026-08-26,BANCO FORTALEZA,promedio,5,98333.0,11.6,11.58,11.6,98333.0,0,0,11.71
2026-08-26,BANCO GANADERO,promedio,191,16277225.0,11.68,11.65,11.68,9622970.0,0,6654255.0,11.72
2026-08-26,BANCO MERCANTIL SANTA CRUZ,promedio,194,8613419.0,11.74,11.76,11.74,587364.0,0,8026055.0,11.7
2026-08-26,BANCO NACIONAL DE BOLIVIA,promedio,292,4938442.0,11.73,11.76,11.73,1238467.0,0,3699975.0,11.71
2026-08-26,BANCO PRODEM,promedio,13,6230.0,11.27,11.27,11.27,6230.0,0,0,11.71
2026-08-26,BANCO PYME DE LA COMUNIDAD,promedio,2,600.0,11.17,11.17,11.17,600.0,0,0,11.71
2026-08-26,BANCO PYME ECOFUTURO,promedio,1,3.0,11.17,11.17,11.17,3.0,0,0,11.71
2026-08-26,BANCO SOLIDARIO,promedio,43,927612.0,11.68,11.67,11.68,727707.0,0,199905.0,11.71
2026-08-26,BANCO UNION,promedio,31,5826.0,10.5,10.5,10.5,5826.0,0,0,11.71
2026-08-27,BANCO BISA,promedio,124,7015088.0,11.87,11.8,11.87,3844082.0,0,3171006.0,11.81
2026-08-27,BANCO DE CREDITO,promedio,353,2145905.0,11.85,11.78,11.85,1139988.0,0,1005917.0,11.83
2026-08-27,BANCO DE LA NACION ARGENTINA,promedio,32,627547.0,11.82,11.85,11.82,127597.0,0,499950.0,11.83
2026-08-27,BANCO ECONOMICO,promedio,39,1267529.0,11.79,11.75,11.79,845381.0,0,422148.0,11.83
2026-08-27,BANCO FIE,promedio,27,240795.0,11.81,11.95,11.81,90820.0,0,149975.0,11.83
2026-08-27,BANCO FORTALEZA,promedio,9,406059.0,11.66,11.64,11.66,406059.0,0,0,11.83
2026-08-27,BANCO GANADERO,promedio,328,10431910.0,11.81,11.85,11.81,1436989.0,0,8994921.0,11.84
2026-08-27,BANCO MERCANTIL SANTA CRUZ,promedio,170,2399226.0,11.75,11.82,11.75,2399226.0,0,0,11.83
2026-08-27,BANCO NACIONAL DE BOLIVIA,promedio,258,1221841.0,11.71,11.71,11.71,1221841.0,0,0,11.83
2026-08-27,BANCO PRODEM,promedio,19,6719.0,11.41,11.41,11.41,6719.0,0,0,11.83
2026-08-27,BANCO PYME DE LA COMUNIDAD,promedio,3,292.0,11.31,11.31,11.31,292.0,0,0,11.83
2026-08-27,BANCO PYME ECOFUTURO,promedio,1,1000.0,11.31,11.31,11.31,1000.0,0,0,11.83
2026-08-27,BANCO SOLIDARIO,promedio,73,2581517.0,11.94,12.1,11.94,787889.0,0,1793628.0,11.82
2026-08-27,BANCO UNION,promedio,16,17444.0,10.5,10.5,10.5,17444.0,0,0,11.83
2026-08-28,BANCO BISA,promedio,117,3334635.0,11.95,11.93,11.95,877884.0,100000.0,2356751.0,11.92
2026-08-28,BANCO DE CREDITO,promedio,383,2490180.0,12.08,12.12,12.08,120446.0,0,2369734.0,11.9
2026-08-28,BANCO DE LA NACION ARGENTINA,promedio,40,49372.0,11.77,11.83,11.77,49372.0,0,0,11.92
2026-08-28,BANCO ECONOMICO,promedio,50,2091028.0,11.98,12.0,11.98,848717.0,0,1242311.0,11.92
2026-08-28,BANCO FIE,promedio,20,2877.0,11.63,11.63,11.63,2877.0,0,0,11.92
2026-08-28,BANCO FORTALEZA,promedio,4,18594.0,11.89,11.93,11.89,3594.0,0,15000.0,11.92
2026-08-28,BANCO GANADERO,promedio,150,5889785.0,12.01,12.05,12.01,1818024.0,0,4071761.0,11.89
2026-08-28,BANCO MERCANTIL SANTA CRUZ,promedio,270,3226673.0,11.77,11.83,11.77,2059428.0,0,1167245.0,11.95
2026-08-28,BANCO NACIONAL DE BOLIVIA,promedio,269,1595783.0,11.85,11.83,11.85,1176368.0,419415.0,0,11.93
2026-08-28,BANCO PRODEM,promedio,9,633.0,11.53,11.53,11.53,633.0,0,0,11.92
2026-08-28,BANCO PYME DE LA COMUNIDAD,promedio,7,13836.0,11.43,11.43,11.43,13836.0,0,0,11.92
2026-08-28,BANCO PYME ECOFUTURO,promedio,1,9.0,11.43,11.43,11.43,9.0,0,0,11.92
2026-08-28,BANCO SOLIDARIO,promedio,47,2620782.0,12.05,12.03,12.05,232978.0,0,2387804.0,11.91
2026-08-28,BANCO UNION,promedio,22,569358.0,10.5,10.5,10.5,569358.0,0,0,11.96
2026-08-31,BANCO BISA,promedio,100,3997904.0,12.14,12.2,12.14,929909.0,0,3067995.0,12.11
2026-08-31,BANCO DE CREDITO,promedio,463,1519773.0,12.07,12.1,12.07,846859.0,372999.0,299915.0,12.12
2026-08-31,BANCO DE LA NACION ARGENTINA,promedio,64,28880.0,11.73,11.62,11.73,28880.0,0,0,12.12
2026-08-31,BANCO ECONOMICO,promedio,47,657031.0,12.11,12.15,12.11,252610.0,0,404421.0,12.12
2026-08-31,BANCO FIE,promedio,22,54532.0,11.96,12.0,11.96,54532.0,0,0,12.12
2026-08-31,BANCO FORTALEZA,promedio,12,340464.0,11.9,12.0,11.9,340464.0,0,0,12.12
2026-08-31,BANCO GANADERO,promedio,177,10084013.0,12.15,12.2,12.15,2198573.0,0,7885440.0,12.08
2026-08-31,BANCO MERCANTIL SANTA CRUZ,promedio,220,1014400.0,11.96,12.05,11.96,839590.0,0,174810.0,12.12
2026-08-31,BANCO NACIONAL DE BOLIVIA,promedio,403,1109240.0,12.04,12.12,12.04,509240.0,500000.0,100000.0,12.12
2026-08-31,BANCO PRODEM,promedio,14,4844.0,11.62,11.62,11.62,4844.0,0,0,12.12
2026-08-31,BANCO PYME DE LA COMUNIDAD,promedio,3,108.0,11.52,11.52,11.52,108.0,0,0,12.12
2026-08-31,BANCO PYME ECOFUTURO,promedio,1,7.0,11.52,11.52,11.52,7.0,0,0,12.12
2026-08-31,BANCO SOLIDARIO,promedio,45,754923.0,12.13,12.21,12.13,177188.0,0,577735.0,12.12
2026-08-31,BANCO UNION,promedio,22,3903.0,10.5,10.5,10.5,3903.0,0,0,12.12
2026-09-01,BANCO BISA,promedio,106,6857678.0,12.29,12.36,12.29,2189045.0,0,4668633.0,12.26
2026-09-01,BANCO DE CREDITO,promedio,348,7864821.0,12.35,12.38,12.35,442423.0,236271.0,7186127.0,12.24
2026-09-01,BANCO DE LA NACION ARGENTINA,promedio,29,25920.0,11.93,12.0,11.93,25920.0,0,0,12.26
2026-09-01,BANCO ECONOMICO,promedio,51,1536005.0,12.24,12.35,12.24,662098.0,0,873907.0,12.26
2026-09-01,BANCO FIE,promedio,17,1524293.0,12.39,12.41,12.39,74483.0,0,1449810.0,12.26
2026-09-01,BANCO FORTALEZA,promedio,9,309732.0,12.09,12.16,12.09,309732.0,0,0,12.27
2026-09-01,BANCO GANADERO,promedio,252,9634151.0,12.17,12.23,12.17,8706858.0,0,927293.0,12.3
2026-09-01,BANCO MERCANTIL SANTA CRUZ,promedio,61,1287492.0,12.25,12.35,12.25,287492.0,0,1000000.0,12.26
2026-09-01,BANCO NACIONAL DE BOLIVIA,promedio,407,4313357.0,12.21,12.27,12.21,1927182.0,0,2386175.0,12.27
2026-09-01,BANCO PRODEM,promedio,21,20429.0,11.82,11.82,11.82,20429.0,0,0,12.26
2026-09-01,BANCO PYME DE LA COMUNIDAD,promedio,5,1853.0,11.72,11.72,11.72,1853.0,0,0,12.26
2026-09-01,BANCO PYME ECOFUTURO,promedio,2,10.0,11.72,11.72,11.72,10.0,0,0,12.26
2026-09-01,BANCO SOLIDARIO,promedio,55,2035587.0,12.35,12.4,12.35,330303.0,0,1705284.0,12.26
2026-09-01,BANCO UNION,promedio,13,4663.0,10.5,10.5,10.5,4663.0,0,0,12.26
2026-09-02,BANCO BISA,promedio,75,26918666.0,12.26,12.26,12.26,25408251.0,0,1510415.0,12.38
2026-09-02,BANCO DE CREDITO,promedio,426,1249480.0,12.32,12.3,12.32,759867.0,0,489613.0,12.32
2026-09-02,BANCO DE LA NACION ARGENTINA,promedio,22,5170.0,11.96,11.96,11.96,5170.0,0,0,12.32
2026-09-02,BANCO ECONOMICO,promedio,68,4314646.0,12.41,12.35,12.41,59282.0,0,4255364.0,12.31
2026-09-02,BANCO FIE,promedio,20,3466510.0,12.45,12.47,12.45,86535.0,0,3379975.0,12.31
2026-09-02,BANCO FORTALEZA,promedio,8,748364.0,12.54,12.55,12.54,8401.0,0,739963.0,12.32
2026-09-02,BANCO GANADERO,promedio,154,4363174.0,12.29,12.39,12.29,1863182.0,0,2499992.0,12.32
2026-09-02,BANCO MERCANTIL SANTA CRUZ,promedio,213,3414527.0,12.37,12.46,12.37,427507.0,0,2987020.0,12.32
2026-09-02,BANCO NACIONAL DE BOLIVIA,promedio,406,1856765.0,12.25,12.26,12.25,1856765.0,0,0,12.32
2026-09-02,BANCO PRODEM,promedio,13,2080.0,11.96,11.96,11.96,2080.0,0,0,12.32
2026-09-02,BANCO PYME DE LA COMUNIDAD,promedio,3,1329.0,11.86,11.86,11.86,1329.0,0,0,12.32
2026-09-02,BANCO PYME ECOFUTURO,promedio,2,500075.0,12.55,12.55,12.55,75.0,0,500000.0,12.32
2026-09-02,BANCO SOLIDARIO,promedio,39,5552007.0,12.42,12.44,12.42,401328.0,0,5150679.0,12.31
2026-09-02,BANCO UNION,promedio,40,243776.0,12.26,12.36,12.26,43846.0,0,199930.0,12.32
2026-09-03,BANCO BISA,promedio,105,9492931.0,12.43,12.45,12.43,2483232.0,5167749.0,1841950.0,12.46
2026-09-03,BANCO DE CREDITO,promedio,542,4020744.0,12.4,12.36,12.4,3160342.0,0,860402.0,12.46
2026-09-03,BANCO DE LA NACION ARGENTINA,promedio,34,46435.0,12.18,12.32,12.18,46435.0,0,0,12.45
2026-09-03,BANCO ECONOMICO,promedio,45,254412.0,12.5,12.65,12.5,82004.0,0,172408.0,12.45
2026-09-03,BANCO FIE,promedio,23,1322930.0,12.56,12.65,12.56,204145.0,0,1118785.0,12.45
2026-09-03,BANCO FORTALEZA,promedio,7,153114.0,12.19,12.32,12.19,153114.0,0,0,12.45
2026-09-03,BANCO GANADERO,promedio,149,8799522.0,12.47,12.49,12.47,1841259.0,199980.0,6758283.0,12.45
2026-09-03,BANCO MERCANTIL SANTA CRUZ,promedio,223,1912850.0,12.5,12.62,12.5,452990.0,0,1459860.0,12.45
2026-09-03,BANCO NACIONAL DE BOLIVIA,promedio,322,3232721.0,12.37,12.36,12.37,3232721.0,0,0,12.46
2026-09-03,BANCO PRODEM,promedio,22,11869.0,12.02,12.02,12.02,11869.0,0,0,12.45
2026-09-03,BANCO PYME DE LA COMUNIDAD,promedio,6,1553.0,11.92,11.92,11.92,1553.0,0,0,12.45
2026-09-03,BANCO PYME ECOFUTURO,promedio,3,2.0,11.92,11.92,11.92,2.0,0,0,12.45
2026-09-03,BANCO SOLIDARIO,promedio,53,3003232.0,12.57,12.6,12.57,623767.0,29870.0,2349595.0,12.44
2026-09-03,BANCO UNION,promedio,22,2014.0,10.5,10.5,10.5,2014.0,0,0,12.45
2026-09-04,BANCO BISA,promedio,114,9516224.0,12.53,12.5,12.53,7073929.0,769895.0,1672400.0,12.59
2026-09-04,BANCO DE CREDITO,promedio,522,4459708.0,12.56,12.56,12.56,2285128.0,79697.0,2094883.0,12.58
2026-09-04,BANCO DE LA NACION ARGENTINA,promedio,19,61090.0,12.38,12.4,12.38,61090.0,0,0,12.58
2026-09-04,BANCO ECONOMICO,promedio,58,4056039.0,12.59,12.6,12.59,379117.0,0,3676922.0,12.58
2026-09-04,BANCO FIE,promedio,30,1553359.0,12.62,12.71,12.62,553384.0,0,999975.0,12.58
2026-09-04,BANCO FORTALEZA,promedio,11,700072.0,12.65,12.71,12.65,227785.0,0,472287.0,12.58
2026-09-04,BANCO GANADERO,promedio,281,20567035.0,12.62,12.67,12.62,5758378.0,0,14808657.0,12.55
2026-09-04,BANCO MERCANTIL SANTA CRUZ,promedio,359,10460837.0,12.59,12.65,12.59,3036364.0,0,7424473.0,12.57
2026-09-04,BANCO NACIONAL DE BOLIVIA,promedio,467,4520051.0,12.45,12.45,12.45,4520051.0,0,0,12.59
2026-09-04,BANCO PRODEM,promedio,15,19061.0,12.15,12.15,12.15,19061.0,0,0,12.58
2026-09-04,BANCO PYME DE LA COMUNIDAD,promedio,2,5030.0,12.05,12.05,12.05,5030.0,0,0,12.58
2026-09-04,BANCO SOLIDARIO,promedio,49,818573.0,12.6,12.64,12.6,134060.0,0,684513.0,12.58
2026-09-04,BANCO UNION,promedio,42,33370.0,11.56,12.27,11.56,33370.0,0,0,12.58
2026-09-07,BANCO BISA,promedio,56,1978150.0,12.59,12.62,12.59,884905.0,0,1093245.0,12.6
2026-09-07,BANCO DE CREDITO,promedio,561,2440268.0,12.67,12.76,12.67,448449.0,368302.0,1623517.0,12.58
2026-09-07,BANCO DE LA NACION ARGENTINA,promedio,20,2432.0,12.28,12.28,12.28,2432.0,0,0,12.6
2026-09-07,BANCO ECONOMICO,promedio,48,387607.0,12.56,12.6,12.56,37607.0,350000.0,0,12.6
2026-09-07,BANCO FIE,promedio,38,864446.0,12.58,12.58,12.58,654522.0,209924.0,0,12.6
2026-09-07,BANCO FORTALEZA,promedio,10,76006.0,12.61,12.63,12.61,5975.0,0,70031.0,12.6
2026-09-07,BANCO GANADERO,promedio,153,4016081.0,12.52,12.58,12.52,2306037.0,0,1710044.0,12.62
2026-09-07,BANCO MERCANTIL SANTA CRUZ,promedio,215,4303984.0,12.68,12.7,12.68,262824.0,0,4041160.0,12.57
2026-09-07,BANCO NACIONAL DE BOLIVIA,promedio,468,3647090.0,12.55,12.58,12.55,2779520.0,866370.0,1200.0,12.61
2026-09-07,BANCO PRODEM,promedio,23,15894.0,12.28,12.28,12.28,15894.0,0,0,12.6
2026-09-07,BANCO PYME DE LA COMUNIDAD,promedio,7,3382.0,12.18,12.18,12.18,3382.0,0,0,12.6
2026-09-07,BANCO PYME ECOFUTURO,promedio,1,1.0,12.18,12.18,12.18,1.0,0,0,12.6
2026-09-07,BANCO SOLIDARIO,promedio,49,400265.0,12.51,12.5,12.51,400265.0,0,0,12.6
2026-09-07,BANCO UNION,promedio,34,2530.0,11.3,11.3,11.3,2530.0,0,0,12.6
2026-09-08,BANCO BISA,promedio,91,10870420.0,12.63,12.6,12.63,5906805.0,0,4963615.0,12.65
2026-09-08,BANCO DE CREDITO,promedio,614,2680729.0,12.63,12.65,12.63,453488.0,0,2227241.0,12.64
2026-09-08,BANCO DE LA NACION ARGENTINA,promedio,13,56901.0,12.44,12.45,12.44,56901.0,0,0,12.64
2026-09-08,BANCO ECONOMICO,promedio,52,672709.0,12.55,12.58,12.55,672709.0,0,0,12.64
2026-09-08,BANCO FIE,promedio,27,589463.0,12.61,12.61,12.61,589463.0,0,0,12.64
2026-09-08,BANCO FORTALEZA,promedio,17,563075.0,12.5,12.45,12.5,563075.0,0,0,12.64
2026-09-08,BANCO GANADERO,promedio,225,11698734.0,12.7,12.77,12.7,3293871.0,0,8404863.0,12.62
2026-09-08,BANCO MERCANTIL SANTA CRUZ,promedio,212,3466680.0,12.44,12.45,12.44,3086255.0,0,380425.0,12.66
2026-09-08,BANCO NACIONAL DE BOLIVIA,promedio,395,1749489.0,12.5,12.55,12.5,1749489.0,0,0,12.65
2026-09-08,BANCO PRODEM,promedio,29,20980.0,12.3,12.3,12.3,20980.0,0,0,12.64
2026-09-08,BANCO PYME DE LA COMUNIDAD,promedio,5,3482.0,12.2,12.2,12.2,3482.0,0,0,12.64
2026-09-08,BANCO SOLIDARIO,promedio,45,3293376.0,12.69,12.72,12.69,693536.0,0,2599840.0,12.64
2026-09-08,BANCO UNION,promedio,40,4622055.0,12.74,12.7,12.74,2614.0,0,4619441.0,12.63
2026-09-09,BANCO BISA,promedio,128,27809977.0,12.39,12.4,12.39,27718104.0,0,91873.0,12.43
2026-09-09,BANCO DE CREDITO,promedio,568,6620626.0,12.28,12.1,12.28,4190691.0,0,2429935.0,12.43
2026-09-09,BANCO DE LA NACION ARGENTINA,promedio,12,556370.0,12.12,12.1,12.12,556370.0,0,0,12.42
2026-09-09,BANCO ECONOMICO,promedio,43,3245050.0,12.22,12.1,12.22,2645050.0,0,600000.0,12.43
2026-09-09,BANCO FIE,promedio,27,3698661.0,12.48,12.64,12.48,1016948.0,0,2681713.0,12.42
2026-09-09,BANCO FORTALEZA,promedio,15,2347031.0,12.57,12.6,12.57,128216.0,0,2218815.0,12.42
2026-09-09,BANCO GANADERO,promedio,178,18927582.0,12.44,12.64,12.44,8018961.0,0,10908621.0,12.42
2026-09-09,BANCO MERCANTIL SANTA CRUZ,promedio,228,10415192.0,12.32,12.36,12.32,9671992.0,0,743200.0,12.43
2026-09-09,BANCO NACIONAL DE BOLIVIA,promedio,362,5604780.0,12.47,12.6,12.47,1585986.0,0,4018794.0,12.42
2026-09-09,BANCO PRODEM,promedio,31,88040.0,12.34,12.34,12.34,88040.0,0,0,12.42
2026-09-09,BANCO PYME DE LA COMUNIDAD,promedio,4,3001.0,12.24,12.24,12.24,3001.0,0,0,12.42
2026-09-09,BANCO PYME ECOFUTURO,promedio,2,282012.0,12.61,12.61,12.61,12.0,0,282000.0,12.42
2026-09-09,BANCO SOLIDARIO,promedio,59,3889444.0,12.24,12.12,12.24,3124213.0,0,765231.0,12.43
2026-09-09,BANCO UNION,promedio,47,10260720.0,12.74,12.74,12.74,10860.0,0,10249860.0,12.38
2026-09-10,BANCO BISA,promedio,308,6567167.0,11.88,11.9,11.88,6448866.0,0,118301.0,12.08
2026-09-10,BANCO DE CREDITO,promedio,547,782229.0,12.02,12.1,12.02,311144.0,0,471085.0,12.04
2026-09-10,BANCO DE LA NACION ARGENTINA,promedio,14,55259.0,12.12,12.12,12.12,0,0,55259.0,12.04
2026-09-10,BANCO ECONOMICO,promedio,95,896310.0,11.78,11.8,11.78,896310.0,0,0,12.05
2026-09-10,BANCO FIE,promedio,26,5068782.0,11.99,12.0,11.99,4558467.0,0,510315.0,12.05
2026-09-10,BANCO FORTALEZA,promedio,13,311118.0,12.2,12.1,12.2,69830.0,0,241288.0,12.04
2026-09-10,BANCO GANADERO,promedio,256,4732232.0,12.28,12.42,12.28,877282.0,0,3854950.0,12.0
2026-09-10,BANCO MERCANTIL SANTA CRUZ,promedio,367,9540753.0,12.16,12.21,12.16,1921866.0,0,7618887.0,11.99
2026-09-10,BANCO NACIONAL DE BOLIVIA,promedio,298,805408.0,11.38,11.02,11.38,794490.0,0,10918.0,12.06
2026-09-10,BANCO PRODEM,promedio,56,93599.0,12.12,12.12,12.12,0,0,93599.0,12.04
2026-09-10,BANCO PYME DE LA COMUNIDAD,promedio,13,2728.0,12.02,12.02,12.02,2728.0,0,0,12.04
2026-09-10,BANCO PYME ECOFUTURO,promedio,2,7.0,12.02,12.02,12.02,7.0,0,0,12.04
2026-09-10,BANCO SOLIDARIO,promedio,53,1792656.0,11.93,12.12,11.93,804857.0,0,987799.0,12.05
2026-09-10,BANCO UNION,promedio,37,82202.0,11.49,11.5,11.49,82202.0,0,0,12.04
2026-09-11,BANCO BISA,promedio,269,11631387.0,11.57,11.69,11.57,3763980.0,0,7867407.0,11.49
2026-09-11,BANCO DE CREDITO,promedio,549,418756.0,11.58,11.44,11.58,320281.0,0,98475.0,11.53
2026-09-11,BANCO DE LA NACION ARGENTINA,promedio,14,21248.0,11.67,11.8,11.67,8048.0,0,13200.0,11.53
2026-09-11,BANCO ECONOMICO,promedio,39,2208887.0,11.14,11.2,11.14,2208887.0,0,0,11.58
2026-09-11,BANCO FIE,promedio,17,42016.0,11.54,11.54,11.54,0,0,42016.0,11.53
2026-09-11,BANCO FORTALEZA,promedio,7,8048.0,11.94,11.94,11.94,0,0,8048.0,11.53
2026-09-11,BANCO GANADERO,promedio,241,2570477.0,11.71,12.04,11.71,965947.0,0,1604530.0,11.51
2026-09-11,BANCO MERCANTIL SANTA CRUZ,promedio,3945,602730.0,11.68,12.04,11.68,214424.0,0,388306.0,11.53
2026-09-11,BANCO NACIONAL DE BOLIVIA,promedio,272,1722793.0,11.4,11.6,11.4,354113.0,0,1368680.0,11.55
2026-09-11,BANCO PRODEM,promedio,58,221423.0,11.74,11.74,11.74,0,0,221423.0,11.53
2026-09-11,BANCO PYME DE LA COMUNIDAD,promedio,4,2425.0,11.64,11.64,11.64,0,0,2425.0,11.53
2026-09-11,BANCO SOLIDARIO,promedio,43,1269644.0,11.64,12.0,11.64,506024.0,0,763620.0,11.53
2026-09-11,BANCO UNION,promedio,30,3636.0,11.3,11.3,11.3,3636.0,0,0,11.53
2026-09-14,BANCO BISA,promedio,138,7035445.0,10.91,11.0,10.91,2181011.0,0,4854434.0,11.06
2026-09-14,BANCO DE CREDITO,promedio,89,4112381.0,11.0,11.0,11.0,232253.0,0,3880128.0,10.98
2026-09-14,BANCO DE LA NACION ARGENTINA,promedio,8,4407.0,10.93,10.93,10.93,4407.0,0,0,10.99
2026-09-14,BANCO ECONOMICO,promedio,25,4903.0,10.8,10.8,10.8,4903.0,0,0,10.99
2026-09-14,BANCO FIE,promedio,11,13888.0,11.03,11.03,11.03,0,0,13888.0,10.99
2026-09-14,BANCO FORTALEZA,promedio,4,13365.0,11.43,11.43,11.43,0,0,13365.0,10.99
2026-09-14,BANCO GANADERO,promedio,131,1388559.0,11.42,11.53,11.42,87649.0,0,1300910.0,10.94
2026-09-14,BANCO MERCANTIL SANTA CRUZ,promedio,141,269947.0,10.86,10.48,10.86,147169.0,0,122778.0,10.99
2026-09-14,BANCO NACIONAL DE BOLIVIA,promedio,182,522813.0,11.1,11.43,11.1,139069.0,0,383744.0,10.98
2026-09-14,BANCO PRODEM,promedio,18,2114.0,11.23,11.23,11.23,0,0,2114.0,10.99
2026-09-14,BANCO SOLIDARIO,promedio,44,954937.0,10.84,10.81,10.84,687565.0,0,267372.0,11.0
2026-09-14,BANCO UNION,promedio,44,22220.0,11.3,11.3,11.3,0,0,22220.0,10.99
2026-09-15,BANCO BISA,promedio,240,17551371.0,9.84,9.8,9.84,16881375.0,0,669996.0,10.43
2026-09-15,BANCO DE CREDITO,promedio,526,3192412.0,10.47,10.5,10.47,120915.0,0,3071497.0,10.12
2026-09-15,BANCO DE LA NACION ARGENTINA,promedio,10,10847.0,10.4,10.39,10.4,0,0,10847.0,10.15
2026-09-15,BANCO ECONOMICO,promedio,30,1151359.0,10.62,10.7,10.62,151359.0,0,1000000.0,10.13
2026-09-15,BANCO FIE,promedio,20,3401136.0,10.39,10.3,10.39,0,0,3401136.0,10.12
2026-09-15,BANCO FORTALEZA,promedio,13,219597.0,10.53,10.5,10.53,0,0,219597.0,10.15
2026-09-15,BANCO GANADERO,promedio,237,2014352.0,10.47,10.97,10.47,963905.0,0,1050447.0,10.13
2026-09-15,BANCO MERCANTIL SANTA CRUZ,promedio,153,2034361.0,9.86,9.49,9.86,1649426.0,0,384935.0,10.16
2026-09-15,BANCO NACIONAL DE BOLIVIA,promedio,240,502488.0,9.72,9.59,9.72,453469.0,0,49019.0,10.15
2026-09-15,BANCO PRODEM,promedio,9,1397.0,10.69,10.69,10.69,0,0,1397.0,10.15
2026-09-15,BANCO PYME DE LA COMUNIDAD,promedio,3,392.0,10.59,10.59,10.59,0,0,392.0,10.15
2026-09-15,BANCO PYME ECOFUTURO,promedio,2,4010.0,10.59,10.59,10.59,0,0,4010.0,10.15
2026-09-15,BANCO SOLIDARIO,promedio,41,6124219.0,10.59,10.6,10.59,668096.0,0,5456123.0,10.06
2026-09-15,BANCO UNION,promedio,51,529104.0,10.64,10.7,10.64,36038.0,0,493066.0,10.14
2026-09-16,BANCO BISA,promedio,259,18560041.0,9.76,9.75,9.76,17777384.0,0,782657.0,9.93
2026-09-16,BANCO DE CREDITO,promedio,441,2315569.0,9.96,9.93,9.96,215984.0,0,2099585.0,9.82
2026-09-16,BANCO DE LA NACION ARGENTINA,promedio,8,170686.0,9.95,9.95,9.95,436.0,0,170250.0,9.83
2026-09-16,BANCO ECONOMICO,promedio,27,2249259.0,9.98,10.0,9.98,49175.0,0,2200084.0,9.81
2026-09-16,BANCO FIE,promedio,19,775544.0,9.35,9.36,9.35,775544.0,0,0,9.84
2026-09-16,BANCO FORTALEZA,promedio,8,66615.0,10.01,10.0,10.01,90.0,0,66525.0,9.83
2026-09-16,BANCO GANADERO,promedio,420,1097346.0,10.13,10.15,10.13,207410.0,0,889936.0,9.82
2026-09-16,BANCO MERCANTIL SANTA CRUZ,promedio,146,1424079.0,9.91,10.0,9.91,361604.0,0,1062475.0,9.82
2026-09-16,BANCO NACIONAL DE BOLIVIA,promedio,171,1826300.0,9.96,10.0,9.96,320495.0,0,1505805.0,9.82
2026-09-16,BANCO PRODEM,promedio,9,889.0,9.85,9.85,9.85,0,0,889.0,9.83
2026-09-16,BANCO PYME DE LA COMUNIDAD,promedio,8,379.0,9.96,9.75,9.96,217.0,0,162.0,9.83
2026-09-16,BANCO PYME ECOFUTURO,promedio,2,1368.0,9.75,9.75,9.75,1368.0,0,0,9.83
2026-09-16,BANCO SOLIDARIO,promedio,36,1597593.0,10.0,9.7,10.0,887668.0,0,709925.0,9.82
2026-09-16,BANCO UNION,promedio,49,128761.0,9.15,9.15,9.15,128497.0,0,264.0,9.83
2026-09-17,BANCO BISA,promedio,200,8194627.0,9.94,10.01,9.94,3191779.0,5000000.0,2848.0,10.05
2026-09-17,BANCO DE CREDITO,promedio,487,2457653.0,10.41,10.0,10.41,1426563.0,0,1031090.0,9.95
2026-09-17,BANCO DE LA NACION ARGENTINA,promedio,21,17180.0,9.79,9.9,9.79,17180.0,0,0,10.01
2026-09-17,BANCO ECONOMICO,promedio,30,628730.0,10.27,10.5,10.27,158103.0,0,470627.0,10.0
2026-09-17,BANCO FIE,promedio,9,200101.0,9.72,9.7,9.72,200101.0,0,0,10.01
2026-09-17,BANCO FORTALEZA,promedio,6,25341.0,9.83,9.83,9.83,25341.0,0,0,10.01
2026-09-17,BANCO GANADERO,promedio,299,1373313.0,9.96,9.86,9.96,1115401.0,0,257912.0,10.01
2026-09-17,BANCO MERCANTIL SANTA CRUZ,promedio,123,2043206.0,9.9,10.01,9.9,333406.0,1000000.0,709800.0,10.02
2026-09-17,BANCO NACIONAL DE BOLIVIA,promedio,165,3695924.0,10.0,10.05,10.0,1696024.0,0,1999900.0,10.01
2026-09-17,BANCO PRODEM,promedio,11,4648.0,9.53,9.53,9.53,4648.0,0,0,10.01
2026-09-17,BANCO PYME DE LA COMUNIDAD,promedio,6,266.0,9.43,9.43,9.43,266.0,0,0,10.01
2026-09-17,BANCO PYME ECOFUTURO,promedio,1,18.0,9.43,9.43,9.43,18.0,0,0,10.01
2026-09-17,BANCO SOLIDARIO,promedio,46,2375368.0,9.92,9.94,9.92,2375368.0,0,0,10.02
2026-09-17,BANCO UNION,promedio,31,12935.0,9.0,9.15,9.0,12935.0,0,0,10.01
2026-09-18,BANCO BISA,promedio,343,7842369.0,10.41,10.5,10.41,7840914.0,0,1455.0,11.2
2026-09-18,BANCO DE CREDITO,promedio,558,3140033.0,11.07,11.11,11.07,426210.0,512686.0,2201137.0,10.99
2026-09-18,BANCO DE LA NACION ARGENTINA,promedio,7,5335.0,9.48,9.5,9.48,5335.0,0,0,11.0
2026-09-18,BANCO ECONOMICO,promedio,21,3032602.0,11.63,12.0,11.63,511614.0,0,2520988.0,10.92
2026-09-18,BANCO FIE,promedio,13,873981.0,10.04,10.0,10.04,873981.0,0,0,11.03
2026-09-18,BANCO FORTALEZA,promedio,6,36755.0,9.91,9.91,9.91,36755.0,0,0,11.0
2026-09-18,BANCO GANADERO,promedio,256,4174599.0,10.7,10.3,10.7,2351813.0,0,1822786.0,11.05
2026-09-18,BANCO MERCANTIL SANTA CRUZ,promedio,4893,6718542.0,11.84,12.02,11.84,642783.0,0,6075759.0,10.75
2026-09-18,BANCO NACIONAL DE BOLIVIA,promedio,207,2563437.0,11.12,11.0,11.12,378562.0,1184875.0,1000000.0,10.99
2026-09-18,BANCO PRODEM,promedio,4,617.0,9.71,9.71,9.71,617.0,0,0,11.0
2026-09-18,BANCO PYME DE LA COMUNIDAD,promedio,2,10400.0,9.61,9.61,9.61,10400.0,0,0,11.0
2026-09-18,BANCO PYME ECOFUTURO,promedio,2,1.0,9.61,9.61,9.61,1.0,0,0,11.0
2026-09-18,BANCO SOLIDARIO,promedio,32,1322657.0,10.07,10.03,10.07,1271654.0,49785.0,1218.0,11.04
2026-09-18,BANCO UNION,promedio,35,86099.0,9.01,9.01,9.01,86099.0,0,0,11.0
2026-09-21,BANCO BISA,promedio,103,1769222.0,11.78,11.65,11.78,1069342.0,0,699880.0,11.92
2026-09-21,BANCO DE CREDITO,promedio,791,3331231.0,12.09,12.2,12.09,550946.0,56850.0,2723435.0,11.87
2026-09-21,BANCO DE LA NACION ARGENTINA,promedio,36,64745.0,11.42,11.5,11.42,64745.0,0,0,11.91
2026-09-21,BANCO ECONOMICO,promedio,35,4053001.0,12.31,12.35,12.31,39491.0,250000.0,3763510.0,11.82
2026-09-21,BANCO FIE,promedio,11,651.0,10.5,10.5,10.5,651.0,0,0,11.9
2026-09-21,BANCO FORTALEZA,promedio,4,97756.0,11.8,11.8,11.8,97756.0,0,0,11.91
2026-09-21,BANCO GANADERO,promedio,177,6901898.0,11.96,12.25,11.96,2749342.0,0,4152556.0,11.88
2026-09-21,BANCO MERCANTIL SANTA CRUZ,promedio,149,4564317.0,11.57,12.0,11.57,1564392.0,0,2999925.0,11.99
2026-09-21,BANCO NACIONAL DE BOLIVIA,promedio,222,2656357.0,11.61,11.1,11.61,1656357.0,0,1000000.0,11.94
2026-09-21,BANCO PRODEM,promedio,12,5942.0,10.7,10.7,10.7,5942.0,0,0,11.91
2026-09-21,BANCO PYME DE LA COMUNIDAD,promedio,3,111.0,10.6,10.6,10.6,111.0,0,0,11.9
2026-09-21,BANCO SOLIDARIO,promedio,47,9160.0,9.91,9.9,9.91,9110.0,25.0,25.0,11.91
2026-09-21,BANCO UNION,promedio,45,20478.0,10.0,10.0,10.0,20478.0,0,0,11.91
2026-09-22,BANCO BISA,promedio,231,38345021.0,11.95,11.9,11.95,33499400.0,0,4845621.0,12.15
2026-09-22,BANCO DE CREDITO,promedio,627,9528116.0,12.34,12.34,12.34,681229.0,0,8846887.0,12.02
2026-09-22,BANCO DE LA NACION ARGENTINA,promedio,13,39524.0,12.08,12.15,12.08,11524.0,0,28000.0,12.06
2026-09-22,BANCO ECONOMICO,promedio,55,4095228.0,12.35,12.3,12.35,72275.0,0,4022953.0,12.04
2026-09-22,BANCO FIE,promedio,17,501501.0,11.0,11.0,11.0,501501.0,0,0,12.06
2026-09-22,BANCO FORTALEZA,promedio,4,505964.0,12.39,12.4,12.39,5964.0,0,500000.0,12.06
2026-09-22,BANCO GANADERO,promedio,192,11069292.0,12.08,12.2,12.08,4313103.0,0,6756189.0,12.05
2026-09-22,BANCO MERCANTIL SANTA CRUZ,promedio,302,7680315.0,12.09,11.93,12.09,4977699.0,0,2702616.0,12.05
2026-09-22,BANCO NACIONAL DE BOLIVIA,promedio,318,4860835.0,12.12,12.27,12.12,2410883.0,0,2449952.0,12.05
2026-09-22,BANCO PRODEM,promedio,13,12259.0,11.6,11.6,11.6,12259.0,0,0,12.06
2026-09-22,BANCO PYME DE LA COMUNIDAD,promedio,3,225.0,11.5,11.5,11.5,225.0,0,0,12.06
2026-09-22,BANCO PYME ECOFUTURO,promedio,2,1000049.0,12.0,12.0,12.0,1000049.0,0,0,12.06
2026-09-22,BANCO SOLIDARIO,promedio,34,2667444.0,11.98,12.0,11.98,2667444.0,0,0,12.06
2026-09-22,BANCO UNION,promedio,53,54538.0,10.9,10.9,10.9,54538.0,0,0,12.06
2026-09-23,BANCO BISA,promedio,161,5964528.0,12.18,12.16,12.18,3804327.0,0,2160201.0,12.28
2026-09-23,BANCO DE CREDITO,promedio,537,881068.0,12.06,12.15,12.06,628061.0,0,253007.0,12.27
2026-09-23,BANCO DE LA NACION ARGENTINA,promedio,24,29247.0,12.03,12.1,12.03,29247.0,0,0,12.26
2026-09-23,BANCO ECONOMICO,promedio,48,2685578.0,12.32,12.32,12.32,452615.0,0,2232963.0,12.25
2026-09-23,BANCO FIE,promedio,19,872064.0,12.28,12.3,12.28,108064.0,0,764000.0,12.26
2026-09-23,BANCO FORTALEZA,promedio,11,405543.0,12.4,12.5,12.4,62598.0,0,342945.0,12.26
2026-09-23,BANCO GANADERO,promedio,202,15656473.0,12.32,12.35,12.32,3396846.0,0,12259627.0,12.21
2026-09-23,BANCO MERCANTIL SANTA CRUZ,promedio,161,1255334.0,12.14,12.23,12.14,955419.0,0,299915.0,12.26
2026-09-23,BANCO NACIONAL DE BOLIVIA,promedio,280,2215692.0,12.03,12.02,12.03,1965910.0,0,249782.0,12.28
2026-09-23,BANCO PRODEM,promedio,17,15443.0,11.76,11.76,11.76,15443.0,0,0,12.26
2026-09-23,BANCO PYME DE LA COMUNIDAD,promedio,4,1290.0,11.66,11.66,11.66,1290.0,0,0,12.26
2026-09-23,BANCO PYME ECOFUTURO,promedio,2,500003.0,12.56,12.56,12.56,3.0,0,500000.0,12.25
2026-09-23,BANCO SOLIDARIO,promedio,44,2532105.0,12.29,12.32,12.29,846510.0,0,1685595.0,12.26
2026-09-23,BANCO UNION,promedio,59,24639.0,11.06,11.06,11.06,24639.0,0,0,12.26
2026-09-24,BANCO BISA,promedio,203,25323995.0,12.21,12.25,12.21,5791645.0,0,19532350.0,12.24
2026-09-24,BANCO DE CREDITO,promedio,338,485161.0,12.17,12.2,12.17,429230.0,0,55931.0,12.22
2026-09-24,BANCO ECONOMICO,promedio,1,50.0,11.6,11.6,11.6,50.0,0,0,12.22
2026-09-24,BANCO FIE,promedio,18,2426171.0,12.2,12.01,12.2,1527281.0,0,898890.0,12.22
2026-09-24,BANCO FORTALEZA,promedio,9,1001988.0,12.4,12.4,12.4,15600.0,0,986388.0,12.22
2026-09-24,BANCO GANADERO,promedio,150,1064471.0,12.13,12.26,12.13,77503.0,0,986968.0,12.23
2026-09-24,BANCO MERCANTIL SANTA CRUZ,promedio,155,8235396.0,12.3,12.36,12.3,1303001.0,0,6932395.0,12.2
2026-09-24,BANCO NACIONAL DE BOLIVIA,promedio,223,2799124.0,12.11,12.02,12.11,1912198.0,0,886926.0,12.23
2026-09-24,BANCO PRODEM,promedio,9,18000.0,11.96,11.96,11.96,18000.0,0,0,12.22
2026-09-24,BANCO PYME DE LA COMUNIDAD,promedio,5,15923.0,11.88,11.86,11.88,15123.0,0,800.0,12.22
2026-09-24,BANCO SOLIDARIO,promedio,16,9518.0,12.09,12.46,12.09,2556.0,0,6962.0,12.22
2026-09-24,BANCO UNION,promedio,45,409389.0,12.33,12.51,12.33,59389.0,0,350000.0,12.22
2026-09-25,BANCO BISA,mediana,204,2744720.0,11.98,12.0,12.0,2703821.0,0,40899.0,12.07
2026-09-25,BANCO DE CREDITO,mediana,911,2592056.0,12.05,12.0,12.0,1449837.0,0,1142219.0,12.05
2026-09-25,BANCO ECONOMICO,mediana,10,3006.0,11.6,11.6,11.6,3006.0,0,0,12.05
2026-09-25,BANCO FIE,mediana,14,14198.0,11.76,11.76,11.76,14198.0,0,0,12.05
2026-09-25,BANCO FORTALEZA,mediana,10,931725.0,12.37,12.5,12.5,119648.0,0,812077.0,12.01
2026-09-25,BANCO GANADERO,mediana,188,7234869.0,12.2,12.22,12.22,125382.0,809363.0,6300124.0,12.0
2026-09-25,BANCO MERCANTIL SANTA CRUZ,mediana,239,5178501.0,12.01,12.0,12.0,4935909.0,0,242592.0,12.15
2026-09-25,BANCO NACIONAL DE BOLIVIA,mediana,343,3043387.0,11.99,12.05,12.05,1410916.0,149975.0,1482496.0,12.03
2026-09-25,BANCO PRODEM,mediana,27,20675.0,11.92,11.92,11.92,20675.0,0,0,12.05
2026-09-25,BANCO PYME DE LA COMUNIDAD,mediana,5,51653.0,11.82,11.82,11.82,51653.0,0,0,12.05
2026-09-25,BANCO PYME ECOFUTURO,mediana,2,100035.0,12.28,12.28,12.28,35.0,0,100000.0,12.03
2026-09-25,BANCO SOLIDARIO,mediana,40,43856.0,11.89,12.22,12.22,11906.0,0,31950.0,12.05
2026-09-25,BANCO UNION,mediana,57,176979.0,11.22,11.22,11.22,176979.0,0,0,12.05
2026-09-28,BANCO BISA,mediana,163,9807369.0,11.96,12.0,12.0,5967972.0,101966.0,3737431.0,12.05
2026-09-28,BANCO DE CREDITO,mediana,788,2091241.0,11.93,12.0,12.0,1343937.0,0,747304.0,12.02
2026-09-28,BANCO DE LA NACION ARGENTINA,mediana,35,73944.0,11.99,12.0,12.0,73944.0,0,0,12.02
2026-09-28,BANCO ECONOMICO,mediana,58,2615458.0,12.0,12.0,12.0,2115458.0,0,500000.0,12.02
2026-09-28,BANCO FIE,mediana,18,29018.0,11.49,11.45,11.45,29018.0,0,0,12.02
2026-09-28,BANCO FORTALEZA,mediana,10,288146.0,12.14,12.15,12.15,18046.0,0,270100.0,12.01
2026-09-28,BANCO GANADERO,mediana,278,7202634.0,11.97,12.05,12.05,2069187.0,999982.0,4133465.0,12.0
2026-09-28,BANCO MERCANTIL SANTA CRUZ,mediana,294,3064740.0,11.78,12.0,12.0,2424388.0,0,640352.0,12.02
2026-09-28,BANCO NACIONAL DE BOLIVIA,mediana,386,2426766.0,11.91,12.07,12.07,693883.0,0,1732883.0,12.0
2026-09-28,BANCO PRODEM,mediana,12,11293.0,11.75,11.75,11.75,11293.0,0,0,12.02
2026-09-28,BANCO PYME DE LA COMUNIDAD,mediana,6,22434.0,12.01,12.05,12.05,2434.0,0,20000.0,12.02
2026-09-28,BANCO PYME ECOFUTURO,mediana,1,405.0,11.65,11.65,11.65,405.0,0,0,12.02
2026-09-28,BANCO SOLIDARIO,mediana,107,2781371.0,12.26,12.33,12.33,389063.0,0,2392308.0,12.0
2026-09-28,BANCO UNION,mediana,25,24249.0,11.05,11.05,11.05,24249.0,0,0,12.02
2026-09-29,BANCO BISA,mediana,261,5345349.0,11.95,11.98,11.98,4979392.0,60955.0,305002.0,12.05
2026-09-29,BANCO DE CREDITO,mediana,810,4384807.0,12.0,12.02,12.02,1463161.0,1600343.0,1321303.0,12.02
2026-09-29,BANCO DE LA NACION ARGENTINA,mediana,36,18631.0,11.6,11.52,11.52,18631.0,0,0,12.02
2026-09-29,BANCO ECONOMICO,mediana,51,2719858.0,11.99,12.0,12.0,2719858.0,0,0,12.02
2026-09-29,BANCO FIE,mediana,25,10806.0,11.52,11.52,11.52,10806.0,0,0,12.02
2026-09-29,BANCO FORTALEZA,mediana,9,799926.0,11.9,11.95,11.95,783112.0,16814.0,0,12.02
2026-09-29,BANCO GANADERO,mediana,358,6283386.0,11.93,12.0,12.0,5080504.0,906465.0,296417.0,12.05
2026-09-29,BANCO MERCANTIL SANTA CRUZ,mediana,299,8950031.0,12.01,12.05,12.05,1377830.0,1014500.0,6557701.0,12.0
2026-09-29,BANCO NACIONAL DE BOLIVIA,mediana,463,1886841.0,11.85,12.05,12.05,511524.0,6747.0,1368570.0,12.02
2026-09-29,BANCO PRODEM,mediana,9,35465.0,11.72,11.72,11.72,35465.0,0,0,12.02
2026-09-29,BANCO PYME DE LA COMUNIDAD,mediana,8,2122.0,11.62,11.62,11.62,2122.0,0,0,12.02
2026-09-29,BANCO PYME ECOFUTURO,mediana,2,115.0,11.02,11.02,11.02,115.0,0,0,12.02
2026-09-29,BANCO SOLIDARIO,mediana,45,3278411.0,12.04,12.05,12.05,278601.0,0,2999810.0,12.02
2026-09-29,BANCO UNION,mediana,31,4105895.0,12.05,12.05,12.05,5950.0,0,4099945.0,12.0
2026-09-30,BANCO BISA,mediana,377,10298881.0,11.94,12.0,12.0,4610477.0,5595845.0,92559.0,12.02
2026-09-30,BANCO DE CREDITO,mediana,999,4719971.0,11.99,12.02,12.02,1192295.0,535241.0,2992435.0,12.0
2026-09-30,BANCO DE LA NACION ARGENTINA,mediana,21,28644.0,11.83,11.9,11.9,28644.0,0,0,12.0
2026-09-30,BANCO ECONOMICO,mediana,48,1250941.0,11.97,12.02,12.02,100941.0,150000.0,1000000.0,12.0
2026-09-30,BANCO FIE,mediana,23,1161322.0,12.48,12.5,12.5,1852.0,0,1159470.0,12.0
2026-09-30,BANCO FORTALEZA,mediana,7,1667.0,11.73,11.72,11.72,1667.0,0,0,12.0
2026-09-30,BANCO GANADERO,mediana,268,5232482.0,11.95,11.98,11.98,3472432.0,107544.0,1652506.0,12.0
2026-09-30,BANCO MERCANTIL SANTA CRUZ,mediana,276,5859949.0,11.87,12.02,12.02,1963107.0,0,3896842.0,12.0
2026-09-30,BANCO NACIONAL DE BOLIVIA,mediana,494,2814038.0,11.9,11.97,11.97,2618616.0,0,195422.0,12.0
2026-09-30,BANCO PRODEM,mediana,16,4283.0,11.72,11.72,11.72,4283.0,0,0,12.0
2026-09-30,BANCO PYME DE LA COMUNIDAD,mediana,5,221.0,11.62,11.62,11.62,221.0,0,0,12.0
2026-09-30,BANCO PYME ECOFUTURO,mediana,1,18.0,11.02,11.02,11.02,18.0,0,0,12.0
2026-09-30,BANCO SOLIDARIO,mediana,46,470721.0,11.92,11.92,11.92,290746.0,0,179975.0,12.0
2026-09-30,BANCO UNION,mediana,47,2877615.0,12.21,12.25,12.25,7175.0,199985.0,2670455.0,12.0
2026-10-01,BANCO BISA,mediana,408,18593849.0,11.84,11.85,11.85,18393376.0,82915.0,117558.0,12.01
2026-10-01,BANCO DE CREDITO,mediana,1079,2230401.0,11.92,11.98,11.98,513978.0,0,1716423.0,11.9
2026-10-01,BANCO DE LA NACION ARGENTINA,mediana,17,113714.0,11.93,11.95,11.95,3714.0,10000.0,100000.0,11.9
2026-10-01,BANCO ECONOMICO,mediana,39,4841023.0,12.03,12.02,12.02,21556.0,0,4819467.0,11.9
2026-10-01,BANCO FIE,mediana,22,327545.0,11.92,11.95,11.95,21073.0,50975.0,255497.0,11.9
2026-10-01,BANCO FORTALEZA,mediana,12,45581.0,11.59,11.8,11.8,45581.0,0,0,11.9
2026-10-01,BANCO GANADERO,mediana,401,8225511.0,11.95,11.91,11.91,206268.0,2901622.0,5117621.0,11.89
2026-10-01,BANCO MERCANTIL SANTA CRUZ,mediana,238,10237146.0,11.99,12.02,12.02,522641.0,42400.0,9672105.0,11.85
2026-10-01,BANCO NACIONAL DE BOLIVIA,mediana,233,1866806.0,11.86,11.92,11.92,659348.0,157228.0,1050230.0,11.9
2026-10-01,BANCO PRODEM,mediana,10,4441.0,11.7,11.7,11.7,4441.0,0,0,11.9
2026-10-01,BANCO PYME DE LA COMUNIDAD,mediana,2,472.0,11.6,11.6,11.6,472.0,0,0,11.9
2026-10-01,BANCO PYME ECOFUTURO,mediana,2,23.0,11.0,11.0,11.0,23.0,0,0,11.9
2026-10-01,BANCO SOLIDARIO,mediana,36,550001.0,11.95,12.0,12.0,42871.0,97803.0,409327.0,11.9
2026-10-01,BANCO UNION,mediana,45,73942.0,11.42,11.5,11.5,73942.0,0,0,11.9
2026-10-02,BANCO BISA,mediana,459,1906150.0,11.86,11.9,11.9,1733723.0,58.0,172369.0,12.0
2026-10-02,BANCO DE CREDITO,mediana,1077,2234078.0,11.91,11.98,11.98,1517138.0,213133.0,503807.0,12.0
2026-10-02,BANCO DE LA NACION ARGENTINA,mediana,20,40608.0,11.78,11.9,11.9,40608.0,0,0,12.0
2026-10-02,BANCO ECONOMICO,mediana,36,5585481.0,12.0,12.0,12.0,45384.0,3879094.0,1661003.0,12.0
2026-10-02,BANCO FIE,mediana,20,1127702.0,12.09,12.12,12.12,84524.0,0,1043178.0,12.0
2026-10-02,BANCO FORTALEZA,mediana,9,890520.0,12.05,12.04,12.04,49237.0,0,841283.0,12.0
2026-10-02,BANCO GANADERO,mediana,261,4706396.0,11.87,11.92,11.92,4126736.0,559724.0,19936.0,12.0
2026-10-02,BANCO MERCANTIL SANTA CRUZ,mediana,265,5972846.0,11.95,12.0,12.0,2348722.0,2500198.0,1123926.0,12.0
2026-10-02,BANCO NACIONAL DE BOLIVIA,mediana,384,1160647.0,11.67,11.8,11.8,1153854.0,88.0,6705.0,12.0
2026-10-02,BANCO PRODEM,mediana,15,6171.0,11.6,11.6,11.6,6171.0,0,0,12.0
2026-10-02,BANCO PYME DE LA COMUNIDAD,mediana,1,97.0,11.5,11.5,11.5,97.0,0,0,12.0
2026-10-02,BANCO PYME ECOFUTURO,mediana,3,500002.0,12.06,12.06,12.06,2.0,0,500000.0,12.0
2026-10-02,BANCO SOLIDARIO,mediana,53,4804445.0,11.97,12.06,12.06,1158119.0,249975.0,3396351.0,12.0
2026-10-02,BANCO UNION,mediana,54,1273635.0,11.95,12.0,12.0,273635.0,1000000.0,0,12.0
2026-10-05,BANCO BISA,mediana,221,8952428.0,11.98,12.03,12.03,2528533.0,0,6423895.0,11.95
2026-10-05,BANCO DE CREDITO,mediana,998,3285679.0,11.91,11.95,11.95,2798939.0,186940.0,299800.0,11.98
2026-10-05,BANCO DE LA NACION ARGENTINA,mediana,30,25440.0,11.86,11.95,11.95,24940.0,0,500.0,11.97
2026-10-05,BANCO ECONOMICO,mediana,42,284998.0,11.9,11.9,11.9,212515.0,0,72483.0,11.97
2026-10-05,BANCO FIE,mediana,20,1254524.0,11.91,11.92,11.92,754524.0,500000.0,0,11.98
2026-10-05,BANCO FORTALEZA,mediana,15,314485.0,12.04,12.05,12.05,14485.0,0,300000.0,11.97
2026-10-05,BANCO GANADERO,mediana,607,6289403.0,11.96,11.95,11.95,3292048.0,0,2997355.0,11.98
2026-10-05,BANCO MERCANTIL SANTA CRUZ,mediana,189,5333442.0,11.97,12.05,12.05,847791.0,0,4485651.0,11.95
2026-10-05,BANCO NACIONAL DE BOLIVIA,mediana,342,2424665.0,11.92,11.96,11.96,1249339.0,0,1175326.0,11.97
2026-10-05,BANCO PRODEM,mediana,11,2738.0,11.7,11.7,11.7,2738.0,0,0,11.97
2026-10-05,BANCO PYME DE LA COMUNIDAD,mediana,1,1.0,11.6,11.6,11.6,1.0,0,0,11.97
2026-10-05,BANCO SOLIDARIO,mediana,46,3173273.0,11.94,11.95,11.95,3089273.0,0,84000.0,11.98
2026-10-05,BANCO UNION,mediana,75,186189.0,11.29,11.5,11.5,186189.0,0,0,11.97
