fecha_corte,vigencia,vigencia_hasta,metodo,tco,tco_promedio,tco_mediana,n_ops,monto_usd,colchon_baja_usd,colchon_sube_usd
2026-06-26,2026-06-27,2026-06-29,promedio,9.73,9.73,9.8,290,17323469.0,3771729,523469
2026-06-29,2026-06-30,2026-06-30,promedio,9.76,9.76,9.81,1659,17379767.0,1316177,13995239
2026-06-30,2026-07-01,2026-07-01,promedio,9.76,9.76,9.78,1306,10395160.0,1774372,2181064
2026-07-01,2026-07-02,2026-07-02,promedio,9.78,9.78,9.8,3257,29872825.0,6808009,13191991
2026-07-02,2026-07-03,2026-07-03,promedio,9.8,9.8,9.81,2134,21101078.0,476446,533470
2026-07-03,2026-07-04,2026-07-06,promedio,9.83,9.83,9.83,2048,22090695.0,700595,27695
2026-07-06,2026-07-07,2026-07-07,promedio,9.89,9.89,9.9,1211,11876845.0,2103307,2156349
2026-07-07,2026-07-08,2026-07-08,promedio,9.96,9.96,9.98,1109,23859096.0,282872,6905484
2026-07-08,2026-07-09,2026-07-09,promedio,10.1,10.1,10.1,938,28455257.0,2208361,3240215
2026-07-09,2026-07-10,2026-07-10,promedio,10.24,10.24,10.26,930,29768606.0,1017384,4999702
2026-07-10,2026-07-11,2026-07-13,promedio,10.4,10.4,10.4,994,36883971.0,68433,2970049
2026-07-13,2026-07-14,2026-07-14,promedio,10.5,10.5,10.56,1031,11528044.0,1507532,912468
2026-07-14,2026-07-15,2026-07-15,promedio,10.7,10.7,10.71,1007,42988673.0,2425009,1266573
2026-07-15,2026-07-16,2026-07-17,promedio,10.75,10.75,10.77,1452,18128520.0,1810866,1307954
2026-07-17,2026-07-18,2026-07-20,promedio,10.85,10.85,10.9,1259,37816611.0,878957,1456017
2026-07-20,2026-07-21,2026-07-21,promedio,10.9,10.9,10.95,1188,15257218.0,687628,2567002
2026-07-21,2026-07-22,2026-07-22,promedio,11.0,11.0,11.05,1138,24822848.0,4295298,12655862
2026-07-22,2026-07-23,2026-07-23,promedio,11.13,11.13,11.14,1216,39038274.0,697636,1302364
2026-07-23,2026-07-24,2026-07-24,promedio,11.21,11.21,11.23,1148,28564663.0,4499509,2846227
2026-07-24,2026-07-25,2026-07-27,promedio,11.37,11.37,11.41,1147,38397536.0,4305050,1831836
2026-07-27,2026-07-28,2026-07-28,promedio,11.54,11.54,11.5,1069,21140379.0,4338951,293663
2026-07-28,2026-07-29,2026-07-29,promedio,11.8,11.8,11.8,1112,38853475.0,6640421,8010051
2026-07-29,2026-07-30,2026-07-30,promedio,11.89,11.89,11.82,1309,41659338.0,2312202,42710
2026-07-30,2026-07-31,2026-07-31,promedio,12.15,12.15,12.2,1438,38725848.0,14321176,11839714
2026-07-31,2026-08-01,2026-08-03,promedio,12.13,12.13,12.15,1820,41162394.0,15046392,2858720
2026-08-03,2026-08-04,2026-08-04,promedio,12.08,12.08,12.13,1708,26814904.0,10057602,8553984
2026-08-04,2026-08-05,2026-08-05,promedio,12.02,12.02,12.04,3008,159940755.0,104884853,95115087
2026-08-05,2026-08-06,2026-08-10,promedio,11.86,11.86,11.87,2044,60483039.0,470119,4762979
2026-08-10,2026-08-11,2026-08-11,promedio,11.77,11.77,11.8,2036,62709171.0,5077759,7758135
2026-08-11,2026-08-12,2026-08-12,promedio,11.71,11.71,11.73,1553,96255618.0,69878894,47521066
2026-08-12,2026-08-13,2026-08-13,promedio,11.66,11.66,11.7,1443,38911851.0,4996965,19574603
2026-08-13,2026-08-14,2026-08-14,promedio,11.62,11.62,11.66,1225,42098063.0,4380877,23253527
2026-08-14,2026-08-15,2026-08-17,promedio,11.58,11.58,11.58,1223,36316076.0,7807412,433930
2026-08-17,2026-08-18,2026-08-18,promedio,11.55,11.55,11.57,1242,29279046.0,12851796,1748076
2026-08-18,2026-08-19,2026-08-19,promedio,11.52,11.52,11.52,1103,69459183.0,63227075,36872885
2026-08-19,2026-08-20,2026-08-20,promedio,11.52,11.52,11.52,1161,34297488.0,2923776,9421840
2026-08-20,2026-08-21,2026-08-21,promedio,11.52,11.52,11.53,1175,32711095.0,7298191,1974179
2026-08-21,2026-08-22,2026-08-24,promedio,11.5,11.5,11.54,1249,17678280.0,129364,4796172
2026-08-24,2026-08-25,2026-08-25,promedio,11.54,11.54,11.58,1271,20497729.0,250095,592697
2026-08-25,2026-08-26,2026-08-26,promedio,11.57,11.57,11.53,1422,45370766.0,42231076,7774576
2026-08-26,2026-08-27,2026-08-27,promedio,11.71,11.71,11.72,1360,49511626.0,9298478,4501522
2026-08-27,2026-08-28,2026-08-28,promedio,11.83,11.83,11.85,1452,28362872.0,3712218,15194874
2026-08-28,2026-08-31,2026-08-31,promedio,11.92,11.92,12.0,1389,21903545.0,1969295,124495
2026-08-31,2026-09-01,2026-09-01,promedio,12.12,12.12,12.2,1593,19570022.0,2361708,9899088
2026-09-01,2026-09-02,2026-09-02,promedio,12.26,12.26,12.3,1376,35415991.0,99817,345551
2026-09-02,2026-09-03,2026-09-03,promedio,12.32,12.32,12.26,1489,52636569.0,48966127,1033833
2026-09-03,2026-09-04,2026-09-04,promedio,12.45,12.45,12.45,1556,32254329.0,7663435,3131763
2026-09-04,2026-09-05,2026-09-07,promedio,12.58,12.58,12.6,1969,56770449.0,6897771,4951703
2026-09-07,2026-09-08,2026-09-08,promedio,12.6,12.6,12.6,1683,18138136.0,2529450,1059742
2026-09-08,2026-09-09,2026-09-09,promedio,12.64,12.64,12.68,1765,40288093.0,2085791,768209
2026-09-09,2026-09-10,2026-09-10,promedio,12.42,12.42,12.4,1704,93748486.0,30055256,23768402
2026-09-10,2026-09-11,2026-09-11,promedio,12.04,12.04,12.0,2085,30730450.0,5786850,2662468
2026-09-11,2026-09-14,2026-09-14,promedio,11.53,11.53,11.69,5488,20723470.0,1185140,4074840
2026-09-14,2026-09-15,2026-09-15,promedio,10.99,10.99,11.0,835,14344979.0,7376927,9682807
2026-09-15,2026-09-16,2026-09-16,promedio,10.15,10.15,9.8,1575,36737045.0,31614011,1111777
2026-09-16,2026-09-17,2026-09-17,promedio,9.83,9.83,9.75,1603,30214429.0,25669379,6879847
2026-09-17,2026-09-18,2026-09-18,promedio,10.01,10.01,10.0,1435,21029310.0,5190410,84956
2026-09-18,2026-09-19,2026-09-21,promedio,11.0,11.0,11.0,6379,29807427.0,933951,2560741
2026-09-21,2026-09-22,2026-09-22,promedio,11.9,11.9,12.1,1635,23474869.0,840719,2058831
2026-09-22,2026-09-23,2026-09-23,promedio,12.06,12.06,11.94,1864,80360311.0,4067509,4896825
2026-09-23,2026-09-24,2026-09-24,promedio,12.26,12.26,12.3,1569,33039007.0,8457063,133633
2026-09-24,2026-09-25,2026-09-25,promedio,12.22,12.22,12.25,1172,41789186.0,18761854,13302846
2026-09-25,2026-09-26,2026-09-28,mediana,12.05,12.08,12.05,2050,22135660.0,87730,1830946
2026-09-28,2026-09-29,2026-09-29,mediana,12.02,11.97,12.02,2181,30439068.0,112514,2091382
2026-09-29,2026-09-30,2026-09-30,mediana,12.02,11.98,12.02,2407,37821643.0,3287501,3924147
2026-09-30,2026-10-01,2026-10-01,mediana,12.0,11.97,12.0,2628,34720753.0,6135805,7041425
2026-10-01,2026-10-02,2026-10-02,mediana,11.9,11.92,11.9,2544,47110455.0,6091887,593999
